3227422458	2026-04-09 21:48	shared_data/panTCGA_average_eRNA_zscore_per_SE_clustering/panTCGA_avg_eRNA_zscore_per_SE_3eRNAremoved.csv
513718327	2026-04-05 19:54	shared_data/panTCGA_average_eRNA_zscore_per_SE_clustering/TopVarSEs_3000_FullSamples.csv
428166271	2026-04-05 19:40	shared_data/panTCGA_average_eRNA_zscore_per_SE_clustering/TopVarSEs_2500_FullSamples.csv
342641966	2026-04-05 19:29	shared_data/panTCGA_average_eRNA_zscore_per_SE_clustering/TopVarSEs_2000_FullSamples.csv
270463664	2026-04-20 20:31	shared_data/BRCA_LUAD_SKCM_eRNA_sum_per_SE_for_AI/BRCA_LUAD_SKCM_merged_eRNA_sum_per_SE_log2TPMplus1.csv
257068447	2026-04-05 19:23	shared_data/panTCGA_average_eRNA_zscore_per_SE_clustering/TopVarSEs_1500_FullSamples.csv
252736356	2026-04-12 19:25	shared_data/new_BRCA_LUAD_SKCM_eRNA_zscore_with_images/BRCA_train_val_test_eRNA_zscore/BRCA_739train_avg_eRNA_zscore_per_SE_3eRNAremoved.csv
227224638	2026-05-04 19:26	shared_data/BRCA_LUAD_SKCM_subset_MergedTrain_zscoreNorm_for_AI/BRCA192train_LUAD189train_SKCM189train_avg_eRNA_zscore_per_SE.csv
171471732	2026-04-05 19:19	shared_data/panTCGA_average_eRNA_zscore_per_SE_clustering/TopVarSEs_1000_FullSamples.csv
154046455	2026-03-25 21:23	shared_data/BRCA_LUAD_SKCM_SEs_filtered_by_union_SEs_merged_for_AI/BRCA_LUAD_SKCM_merged_SE_3eRNAremoved_filtered_by_union_SE_top3000.csv
108812622	2026-04-12 19:34	shared_data/new_BRCA_LUAD_SKCM_eRNA_zscore_with_images/LUAD_train_val_test_eRNA_zscore/LUAD_317train_avg_eRNA_zscore_per_SE_3eRNAremoved.csv
108362361	2026-03-25 21:22	shared_data/BRCA_LUAD_SKCM_SEs_filtered_by_union_SEs_merged_for_AI/BRCA_LUAD_SKCM_merged_SE_3eRNAremoved_filtered_by_union_SE_top2000.csv
