46755079	2026-03-09 13:42	shared_data/LUAD_189train_63val_64test_SE_eRNA_zscore_3eRNAremoved_csv_for_AI_noleak/LUAD_64test_avg_eRNA_zscore_per_SE.csv
1202783	2026-03-09 13:42	shared_data/LUAD_189train_63val_64test_SE_eRNA_zscore_3eRNAremoved_csv_for_AI_noleak/Top1000_SEs_64test_eRNA_zscore_3eRNAremoved.csv
121118	2026-03-09 13:42	shared_data/LUAD_189train_63val_64test_SE_eRNA_zscore_3eRNAremoved_csv_for_AI_noleak/Top100_SEs_64test_eRNA_zscore_3eRNAremoved.csv
1804563	2026-03-09 13:42	shared_data/LUAD_189train_63val_64test_SE_eRNA_zscore_3eRNAremoved_csv_for_AI_noleak/Top1500_SEs_64test_eRNA_zscore_3eRNAremoved.csv
2407251	2026-03-09 13:42	shared_data/LUAD_189train_63val_64test_SE_eRNA_zscore_3eRNAremoved_csv_for_AI_noleak/Top2000_SEs_64test_eRNA_zscore_3eRNAremoved.csv
3009977	2026-03-09 13:42	shared_data/LUAD_189train_63val_64test_SE_eRNA_zscore_3eRNAremoved_csv_for_AI_noleak/Top2500_SEs_64test_eRNA_zscore_3eRNAremoved.csv
301036	2026-03-09 13:42	shared_data/LUAD_189train_63val_64test_SE_eRNA_zscore_3eRNAremoved_csv_for_AI_noleak/Top250_SEs_64test_eRNA_zscore_3eRNAremoved.csv
3613347	2026-03-09 13:42	shared_data/LUAD_189train_63val_64test_SE_eRNA_zscore_3eRNAremoved_csv_for_AI_noleak/Top3000_SEs_64test_eRNA_zscore_3eRNAremoved.csv
601466	2026-03-09 13:42	shared_data/LUAD_189train_63val_64test_SE_eRNA_zscore_3eRNAremoved_csv_for_AI_noleak/Top500_SEs_64test_eRNA_zscore_3eRNAremoved.csv
398	2026-03-11 14:39	shared_data/top2000_2500_3000_overlap_summary.tsv
25077	2026-04-05 19:14	shared_data/panTCGA_average_eRNA_zscore_per_SE_clustering/Heatmap_Top100.pdf
201234	2026-04-05 19:14	shared_data/panTCGA_average_eRNA_zscore_per_SE_clustering/Heatmap_Top1000.pdf
278301	2026-04-05 19:14	shared_data/panTCGA_average_eRNA_zscore_per_SE_clustering/Heatmap_Top1500.pdf
378827	2026-04-05 19:14	shared_data/panTCGA_average_eRNA_zscore_per_SE_clustering/Heatmap_Top2000.pdf
51240	2026-04-05 19:14	shared_data/panTCGA_average_eRNA_zscore_per_SE_clustering/Heatmap_Top250.pdf
447980	2026-04-05 19:14	shared_data/panTCGA_average_eRNA_zscore_per_SE_clustering/Heatmap_Top2500.pdf
567888	2026-04-05 19:14	shared_data/panTCGA_average_eRNA_zscore_per_SE_clustering/Heatmap_Top3000.pdf
93143	2026-04-05 19:14	shared_data/panTCGA_average_eRNA_zscore_per_SE_clustering/Heatmap_Top500.pdf
8866	2026-04-05 19:14	shared_data/panTCGA_average_eRNA_zscore_per_SE_clustering/PCA_Top100.pdf
8823	2026-04-05 19:14	shared_data/panTCGA_average_eRNA_zscore_per_SE_clustering/PCA_Top1000.pdf
8920	2026-04-05 19:14	shared_data/panTCGA_average_eRNA_zscore_per_SE_clustering/PCA_Top1500.pdf
8715	2026-04-05 19:14	shared_data/panTCGA_average_eRNA_zscore_per_SE_clustering/PCA_Top2000.pdf
8933	2026-04-05 19:14	shared_data/panTCGA_average_eRNA_zscore_per_SE_clustering/PCA_Top250.pdf
8799	2026-04-05 19:14	shared_data/panTCGA_average_eRNA_zscore_per_SE_clustering/PCA_Top2500.pdf
8819	2026-04-05 19:14	shared_data/panTCGA_average_eRNA_zscore_per_SE_clustering/PCA_Top3000.pdf
9016	2026-04-05 19:14	shared_data/panTCGA_average_eRNA_zscore_per_SE_clustering/PCA_Top500.pdf
62388	2026-04-05 19:14	shared_data/panTCGA_average_eRNA_zscore_per_SE_clustering/TopVarSEs_100.csv
17403922	2026-04-05 19:14	shared_data/panTCGA_average_eRNA_zscore_per_SE_clustering/TopVarSEs_100_FullSamples.csv
155427	2026-04-05 19:14	shared_data/panTCGA_average_eRNA_zscore_per_SE_clustering/TopVarSEs_250.csv
43093570	2026-04-05 19:15	shared_data/panTCGA_average_eRNA_zscore_per_SE_clustering/TopVarSEs_250_FullSamples.csv
310411	2026-04-05 19:15	shared_data/panTCGA_average_eRNA_zscore_per_SE_clustering/TopVarSEs_500.csv
620593	2026-04-05 19:16	shared_data/panTCGA_average_eRNA_zscore_per_SE_clustering/TopVarSEs_1000.csv
85910913	2026-04-05 19:16	shared_data/panTCGA_average_eRNA_zscore_per_SE_clustering/TopVarSEs_500_FullSamples.csv
26068394	2026-05-04 19:18	shared_data/BRCA_LUAD_SKCM_subset_MergedTrain_zscoreNorm_for_AI/BRCA_63val_avg_eRNA_zscore_per_SE.csv
1206954	2026-05-04 19:18	shared_data/BRCA_LUAD_SKCM_subset_MergedTrain_zscoreNorm_for_AI/BRCA_63val_avg_eRNA_zscore_per_SE_top1000.csv
1812641	2026-05-04 19:18	shared_data/BRCA_LUAD_SKCM_subset_MergedTrain_zscoreNorm_for_AI/BRCA_63val_avg_eRNA_zscore_per_SE_top1500.csv
2418051	2026-05-04 19:18	shared_data/BRCA_LUAD_SKCM_subset_MergedTrain_zscoreNorm_for_AI/BRCA_63val_avg_eRNA_zscore_per_SE_top2000.csv
3024775	2026-05-04 19:18	shared_data/BRCA_LUAD_SKCM_subset_MergedTrain_zscoreNorm_for_AI/BRCA_63val_avg_eRNA_zscore_per_SE_top2500.csv
602420	2026-05-04 19:18	shared_data/BRCA_LUAD_SKCM_subset_MergedTrain_zscoreNorm_for_AI/BRCA_63val_avg_eRNA_zscore_per_SE_top500.csv
3631725	2026-05-04 19:19	shared_data/BRCA_LUAD_SKCM_subset_MergedTrain_zscoreNorm_for_AI/BRCA_63val_avg_eRNA_zscore_per_SE_top3000.csv
4843769	2026-05-04 19:19	shared_data/BRCA_LUAD_SKCM_subset_MergedTrain_zscoreNorm_for_AI/BRCA_63val_avg_eRNA_zscore_per_SE_top4000.csv
26484131	2026-05-04 19:19	shared_data/BRCA_LUAD_SKCM_subset_MergedTrain_zscoreNorm_for_AI/BRCA_64test_avg_eRNA_zscore_per_SE.csv
1226303	2026-05-04 19:19	shared_data/BRCA_LUAD_SKCM_subset_MergedTrain_zscoreNorm_for_AI/BRCA_64test_avg_eRNA_zscore_per_SE_top1000.csv
1841734	2026-05-04 19:19	shared_data/BRCA_LUAD_SKCM_subset_MergedTrain_zscoreNorm_for_AI/BRCA_64test_avg_eRNA_zscore_per_SE_top1500.csv
2457005	2026-05-04 19:19	shared_data/BRCA_LUAD_SKCM_subset_MergedTrain_zscoreNorm_for_AI/BRCA_64test_avg_eRNA_zscore_per_SE_top2000.csv
612239	2026-05-04 19:19	shared_data/BRCA_LUAD_SKCM_subset_MergedTrain_zscoreNorm_for_AI/BRCA_64test_avg_eRNA_zscore_per_SE_top500.csv
171471732	2026-04-05 19:19	shared_data/panTCGA_average_eRNA_zscore_per_SE_clustering/TopVarSEs_1000_FullSamples.csv
930955	2026-04-05 19:19	shared_data/panTCGA_average_eRNA_zscore_per_SE_clustering/TopVarSEs_1500.csv
3073220	2026-05-04 19:20	shared_data/BRCA_LUAD_SKCM_subset_MergedTrain_zscoreNorm_for_AI/BRCA_64test_avg_eRNA_zscore_per_SE_top2500.csv
3689752	2026-05-04 19:20	shared_data/BRCA_LUAD_SKCM_subset_MergedTrain_zscoreNorm_for_AI/BRCA_64test_avg_eRNA_zscore_per_SE_top3000.csv
4921035	2026-05-04 19:20	shared_data/BRCA_LUAD_SKCM_subset_MergedTrain_zscoreNorm_for_AI/BRCA_64test_avg_eRNA_zscore_per_SE_top4000.csv
77212562	2026-05-04 19:21	shared_data/BRCA_LUAD_SKCM_subset_MergedTrain_zscoreNorm_for_AI/BRCA_192train_avg_eRNA_zscore_per_SE.csv
3570123	2026-05-04 19:21	shared_data/BRCA_LUAD_SKCM_subset_MergedTrain_zscoreNorm_for_AI/BRCA_192train_avg_eRNA_zscore_per_SE_top1000.csv
1781591	2026-05-04 19:21	shared_data/BRCA_LUAD_SKCM_subset_MergedTrain_zscoreNorm_for_AI/BRCA_192train_avg_eRNA_zscore_per_SE_top500.csv
55106429	2026-04-12 19:21	shared_data/new_BRCA_LUAD_SKCM_eRNA_zscore_with_images/BRCA_train_val_test_eRNA_zscore/BRCA_159test_avg_eRNA_zscore_per_SE_3eRNAremoved.csv
55118254	2026-04-12 19:21	shared_data/new_BRCA_LUAD_SKCM_eRNA_zscore_with_images/BRCA_train_val_test_eRNA_zscore/BRCA_159val_avg_eRNA_zscore_per_SE_3eRNAremoved.csv
5363292	2026-05-04 19:22	shared_data/BRCA_LUAD_SKCM_subset_MergedTrain_zscoreNorm_for_AI/BRCA_192train_avg_eRNA_zscore_per_SE_top1500.csv
7155393	2026-05-04 19:22	shared_data/BRCA_LUAD_SKCM_subset_MergedTrain_zscoreNorm_for_AI/BRCA_192train_avg_eRNA_zscore_per_SE_top2000.csv
8950733	2026-05-04 19:22	shared_data/BRCA_LUAD_SKCM_subset_MergedTrain_zscoreNorm_for_AI/BRCA_192train_avg_eRNA_zscore_per_SE_top2500.csv
10747245	2026-05-04 19:22	shared_data/BRCA_LUAD_SKCM_subset_MergedTrain_zscoreNorm_for_AI/BRCA_192train_avg_eRNA_zscore_per_SE_top3000.csv
14336052	2026-05-04 19:23	shared_data/BRCA_LUAD_SKCM_subset_MergedTrain_zscoreNorm_for_AI/BRCA_192train_avg_eRNA_zscore_per_SE_top4000.csv
257068447	2026-04-05 19:23	shared_data/panTCGA_average_eRNA_zscore_per_SE_clustering/TopVarSEs_1500_FullSamples.csv
1241627	2026-04-05 19:23	shared_data/panTCGA_average_eRNA_zscore_per_SE_clustering/TopVarSEs_2000.csv
2122628	2026-04-12 19:25	shared_data/new_BRCA_LUAD_SKCM_eRNA_zscore_with_images/BRCA_train_val_test_eRNA_zscore/BRCA_739train_Top1000_Heatmap.png
394571	2026-04-12 19:25	shared_data/new_BRCA_LUAD_SKCM_eRNA_zscore_with_images/BRCA_train_val_test_eRNA_zscore/BRCA_739train_Top100_Heatmap.png
1364516	2026-04-12 19:25	shared_data/new_BRCA_LUAD_SKCM_eRNA_zscore_with_images/BRCA_train_val_test_eRNA_zscore/BRCA_739train_Top100_SEs.csv
767554	2026-04-12 19:25	shared_data/new_BRCA_LUAD_SKCM_eRNA_zscore_with_images/BRCA_train_val_test_eRNA_zscore/BRCA_739train_Top250_Heatmap.png
3392590	2026-04-12 19:25	shared_data/new_BRCA_LUAD_SKCM_eRNA_zscore_with_images/BRCA_train_val_test_eRNA_zscore/BRCA_739train_Top250_SEs.csv
1200941	2026-04-12 19:25	shared_data/new_BRCA_LUAD_SKCM_eRNA_zscore_with_images/BRCA_train_val_test_eRNA_zscore/BRCA_739train_Top500_Heatmap.png
6783047	2026-04-12 19:25	shared_data/new_BRCA_LUAD_SKCM_eRNA_zscore_with_images/BRCA_train_val_test_eRNA_zscore/BRCA_739train_Top500_SEs.csv
252736356	2026-04-12 19:25	shared_data/new_BRCA_LUAD_SKCM_eRNA_zscore_with_images/BRCA_train_val_test_eRNA_zscore/BRCA_739train_avg_eRNA_zscore_per_SE_3eRNAremoved.csv
227224638	2026-05-04 19:26	shared_data/BRCA_LUAD_SKCM_subset_MergedTrain_zscoreNorm_for_AI/BRCA192train_LUAD189train_SKCM189train_avg_eRNA_zscore_per_SE.csv
10549023	2026-05-04 19:26	shared_data/BRCA_LUAD_SKCM_subset_MergedTrain_zscoreNorm_for_AI/BRCA192train_LUAD189train_SKCM189train_avg_eRNA_zscore_per_SE_top1000.csv
5269681	2026-05-04 19:26	shared_data/BRCA_LUAD_SKCM_subset_MergedTrain_zscoreNorm_for_AI/BRCA192train_LUAD189train_SKCM189train_avg_eRNA_zscore_per_SE_top500.csv
13564951	2026-04-12 19:26	shared_data/new_BRCA_LUAD_SKCM_eRNA_zscore_with_images/BRCA_train_val_test_eRNA_zscore/BRCA_739train_Top1000_SEs.csv
3028556	2026-04-12 19:26	shared_data/new_BRCA_LUAD_SKCM_eRNA_zscore_with_images/BRCA_train_val_test_eRNA_zscore/BRCA_739train_Top1500_Heatmap.png
20357823	2026-04-12 19:26	shared_data/new_BRCA_LUAD_SKCM_eRNA_zscore_with_images/BRCA_train_val_test_eRNA_zscore/BRCA_739train_Top1500_SEs.csv
3681804	2026-04-12 19:26	shared_data/new_BRCA_LUAD_SKCM_eRNA_zscore_with_images/BRCA_train_val_test_eRNA_zscore/BRCA_739train_Top2000_Heatmap.png
15831398	2026-05-04 19:27	shared_data/BRCA_LUAD_SKCM_subset_MergedTrain_zscoreNorm_for_AI/BRCA192train_LUAD189train_SKCM189train_avg_eRNA_zscore_per_SE_top1500.csv
21116798	2026-05-04 19:27	shared_data/BRCA_LUAD_SKCM_subset_MergedTrain_zscoreNorm_for_AI/BRCA192train_LUAD189train_SKCM189train_avg_eRNA_zscore_per_SE_top2000.csv
27156924	2026-04-12 19:27	shared_data/new_BRCA_LUAD_SKCM_eRNA_zscore_with_images/BRCA_train_val_test_eRNA_zscore/BRCA_739train_Top2000_SEs.csv
4053984	2026-04-12 19:27	shared_data/new_BRCA_LUAD_SKCM_eRNA_zscore_with_images/BRCA_train_val_test_eRNA_zscore/BRCA_739train_Top2500_Heatmap.png
33960660	2026-04-12 19:27	shared_data/new_BRCA_LUAD_SKCM_eRNA_zscore_with_images/BRCA_train_val_test_eRNA_zscore/BRCA_739train_Top2500_SEs.csv
3853550	2026-04-12 19:27	shared_data/new_BRCA_LUAD_SKCM_eRNA_zscore_with_images/BRCA_train_val_test_eRNA_zscore/BRCA_739train_Top3000_Heatmap.png
26404720	2026-05-04 19:28	shared_data/BRCA_LUAD_SKCM_subset_MergedTrain_zscoreNorm_for_AI/BRCA192train_LUAD189train_SKCM189train_avg_eRNA_zscore_per_SE_top2500.csv
31694597	2026-05-04 19:28	shared_data/BRCA_LUAD_SKCM_subset_MergedTrain_zscoreNorm_for_AI/BRCA192train_LUAD189train_SKCM189train_avg_eRNA_zscore_per_SE_top3000.csv
40769777	2026-04-12 19:28	shared_data/new_BRCA_LUAD_SKCM_eRNA_zscore_with_images/BRCA_train_val_test_eRNA_zscore/BRCA_739train_Top3000_SEs.csv
2960108	2026-04-12 19:28	shared_data/new_BRCA_LUAD_SKCM_eRNA_zscore_with_images/BRCA_train_val_test_eRNA_zscore/Top1000_BRCA_159test_filtered.csv
2957805	2026-04-12 19:28	shared_data/new_BRCA_LUAD_SKCM_eRNA_zscore_with_images/BRCA_train_val_test_eRNA_zscore/Top1000_BRCA_159val_filtered.csv
297768	2026-04-12 19:28	shared_data/new_BRCA_LUAD_SKCM_eRNA_zscore_with_images/BRCA_train_val_test_eRNA_zscore/Top100_BRCA_159test_filtered.csv
297515	2026-04-12 19:28	shared_data/new_BRCA_LUAD_SKCM_eRNA_zscore_with_images/BRCA_train_val_test_eRNA_zscore/Top100_BRCA_159val_filtered.csv
740591	2026-04-12 19:28	shared_data/new_BRCA_LUAD_SKCM_eRNA_zscore_with_images/BRCA_train_val_test_eRNA_zscore/Top250_BRCA_159test_filtered.csv
739807	2026-04-12 19:28	shared_data/new_BRCA_LUAD_SKCM_eRNA_zscore_with_images/BRCA_train_val_test_eRNA_zscore/Top250_BRCA_159val_filtered.csv
1480411	2026-04-12 19:28	shared_data/new_BRCA_LUAD_SKCM_eRNA_zscore_with_images/BRCA_train_val_test_eRNA_zscore/Top500_BRCA_159test_filtered.csv
1479108	2026-04-12 19:28	shared_data/new_BRCA_LUAD_SKCM_eRNA_zscore_with_images/BRCA_train_val_test_eRNA_zscore/Top500_BRCA_159val_filtered.csv
42270691	2026-05-04 19:29	shared_data/BRCA_LUAD_SKCM_subset_MergedTrain_zscoreNorm_for_AI/BRCA192train_LUAD189train_SKCM189train_avg_eRNA_zscore_per_SE_top4000.csv
208609	2026-05-04 19:29	shared_data/BRCA_LUAD_SKCM_subset_MergedTrain_zscoreNorm_for_AI/Heatmap_top1000_SE_ANOVA_mergedTrain_zscore_BRCA_LUAD_SKCM.png
220134	2026-05-04 19:29	shared_data/BRCA_LUAD_SKCM_subset_MergedTrain_zscoreNorm_for_AI/Heatmap_top1500_SE_ANOVA_mergedTrain_zscore_BRCA_LUAD_SKCM.png
229521	2026-05-04 19:29	shared_data/BRCA_LUAD_SKCM_subset_MergedTrain_zscoreNorm_for_AI/Heatmap_top2000_SE_ANOVA_mergedTrain_zscore_BRCA_LUAD_SKCM.png
240354	2026-05-04 19:29	shared_data/BRCA_LUAD_SKCM_subset_MergedTrain_zscoreNorm_for_AI/Heatmap_top2500_SE_ANOVA_mergedTrain_zscore_BRCA_LUAD_SKCM.png
243068	2026-05-04 19:29	shared_data/BRCA_LUAD_SKCM_subset_MergedTrain_zscoreNorm_for_AI/Heatmap_top3000_SE_ANOVA_mergedTrain_zscore_BRCA_LUAD_SKCM.png
243917	2026-05-04 19:29	shared_data/BRCA_LUAD_SKCM_subset_MergedTrain_zscoreNorm_for_AI/Heatmap_top4000_SE_ANOVA_mergedTrain_zscore_BRCA_LUAD_SKCM.png
196545	2026-05-04 19:29	shared_data/BRCA_LUAD_SKCM_subset_MergedTrain_zscoreNorm_for_AI/Heatmap_top500_SE_ANOVA_mergedTrain_zscore_BRCA_LUAD_SKCM.png
4442172	2026-04-12 19:29	shared_data/new_BRCA_LUAD_SKCM_eRNA_zscore_with_images/BRCA_train_val_test_eRNA_zscore/Top1500_BRCA_159test_filtered.csv
4438976	2026-04-12 19:29	shared_data/new_BRCA_LUAD_SKCM_eRNA_zscore_with_images/BRCA_train_val_test_eRNA_zscore/Top1500_BRCA_159val_filtered.csv
5925412	2026-04-12 19:29	shared_data/new_BRCA_LUAD_SKCM_eRNA_zscore_with_images/BRCA_train_val_test_eRNA_zscore/Top2000_BRCA_159test_filtered.csv
5921417	2026-04-12 19:29	shared_data/new_BRCA_LUAD_SKCM_eRNA_zscore_with_images/BRCA_train_val_test_eRNA_zscore/Top2000_BRCA_159val_filtered.csv
7409662	2026-04-12 19:29	shared_data/new_BRCA_LUAD_SKCM_eRNA_zscore_with_images/BRCA_train_val_test_eRNA_zscore/Top2500_BRCA_159test_filtered.csv
7405341	2026-04-12 19:29	shared_data/new_BRCA_LUAD_SKCM_eRNA_zscore_with_images/BRCA_train_val_test_eRNA_zscore/Top2500_BRCA_159val_filtered.csv
8894948	2026-04-12 19:29	shared_data/new_BRCA_LUAD_SKCM_eRNA_zscore_with_images/BRCA_train_val_test_eRNA_zscore/Top3000_BRCA_159test_filtered.csv
342641966	2026-04-05 19:29	shared_data/panTCGA_average_eRNA_zscore_per_SE_clustering/TopVarSEs_2000_FullSamples.csv
1552344	2026-04-05 19:29	shared_data/panTCGA_average_eRNA_zscore_per_SE_clustering/TopVarSEs_2500.csv
26027678	2026-05-04 19:30	shared_data/BRCA_LUAD_SKCM_subset_MergedTrain_zscoreNorm_for_AI/LUAD_63test_avg_eRNA_zscore_per_SE.csv
1201810	2026-05-04 19:30	shared_data/BRCA_LUAD_SKCM_subset_MergedTrain_zscoreNorm_for_AI/LUAD_63test_avg_eRNA_zscore_per_SE_top1000.csv
1805800	2026-05-04 19:30	shared_data/BRCA_LUAD_SKCM_subset_MergedTrain_zscoreNorm_for_AI/LUAD_63test_avg_eRNA_zscore_per_SE_top1500.csv
2410470	2026-05-04 19:30	shared_data/BRCA_LUAD_SKCM_subset_MergedTrain_zscoreNorm_for_AI/LUAD_63test_avg_eRNA_zscore_per_SE_top2000.csv
3015785	2026-05-04 19:30	shared_data/BRCA_LUAD_SKCM_subset_MergedTrain_zscoreNorm_for_AI/LUAD_63test_avg_eRNA_zscore_per_SE_top2500.csv
3620800	2026-05-04 19:30	shared_data/BRCA_LUAD_SKCM_subset_MergedTrain_zscoreNorm_for_AI/LUAD_63test_avg_eRNA_zscore_per_SE_top3000.csv
4832009	2026-05-04 19:30	shared_data/BRCA_LUAD_SKCM_subset_MergedTrain_zscoreNorm_for_AI/LUAD_63test_avg_eRNA_zscore_per_SE_top4000.csv
599774	2026-05-04 19:30	shared_data/BRCA_LUAD_SKCM_subset_MergedTrain_zscoreNorm_for_AI/LUAD_63test_avg_eRNA_zscore_per_SE_top500.csv
8889703	2026-04-12 19:30	shared_data/new_BRCA_LUAD_SKCM_eRNA_zscore_with_images/BRCA_train_val_test_eRNA_zscore/Top3000_BRCA_159val_filtered.csv
26014797	2026-05-04 19:31	shared_data/BRCA_LUAD_SKCM_subset_MergedTrain_zscoreNorm_for_AI/LUAD_63val_avg_eRNA_zscore_per_SE.csv
1203382	2026-05-04 19:31	shared_data/BRCA_LUAD_SKCM_subset_MergedTrain_zscoreNorm_for_AI/LUAD_63val_avg_eRNA_zscore_per_SE_top1000.csv
1807157	2026-05-04 19:31	shared_data/BRCA_LUAD_SKCM_subset_MergedTrain_zscoreNorm_for_AI/LUAD_63val_avg_eRNA_zscore_per_SE_top1500.csv
2411602	2026-05-04 19:31	shared_data/BRCA_LUAD_SKCM_subset_MergedTrain_zscoreNorm_for_AI/LUAD_63val_avg_eRNA_zscore_per_SE_top2000.csv
3016852	2026-05-04 19:31	shared_data/BRCA_LUAD_SKCM_subset_MergedTrain_zscoreNorm_for_AI/LUAD_63val_avg_eRNA_zscore_per_SE_top2500.csv
3621896	2026-05-04 19:31	shared_data/BRCA_LUAD_SKCM_subset_MergedTrain_zscoreNorm_for_AI/LUAD_63val_avg_eRNA_zscore_per_SE_top3000.csv
4832917	2026-05-04 19:31	shared_data/BRCA_LUAD_SKCM_subset_MergedTrain_zscoreNorm_for_AI/LUAD_63val_avg_eRNA_zscore_per_SE_top4000.csv
600756	2026-05-04 19:31	shared_data/BRCA_LUAD_SKCM_subset_MergedTrain_zscoreNorm_for_AI/LUAD_63val_avg_eRNA_zscore_per_SE_top500.csv
23717283	2026-04-12 19:31	shared_data/new_BRCA_LUAD_SKCM_eRNA_zscore_with_images/LUAD_train_val_test_eRNA_zscore/LUAD_67val_avg_eRNA_zscore_per_SE_3eRNAremoved.csv
24049713	2026-04-12 19:32	shared_data/new_BRCA_LUAD_SKCM_eRNA_zscore_with_images/LUAD_train_val_test_eRNA_zscore/LUAD_68test_avg_eRNA_zscore_per_SE_3eRNAremoved.csv
76019037	2026-05-04 19:33	shared_data/BRCA_LUAD_SKCM_subset_MergedTrain_zscoreNorm_for_AI/LUAD_189train_avg_eRNA_zscore_per_SE.csv
3509704	2026-05-04 19:33	shared_data/BRCA_LUAD_SKCM_subset_MergedTrain_zscoreNorm_for_AI/LUAD_189train_avg_eRNA_zscore_per_SE_top1000.csv
5272997	2026-05-04 19:33	shared_data/BRCA_LUAD_SKCM_subset_MergedTrain_zscoreNorm_for_AI/LUAD_189train_avg_eRNA_zscore_per_SE_top1500.csv
7037883	2026-05-04 19:33	shared_data/BRCA_LUAD_SKCM_subset_MergedTrain_zscoreNorm_for_AI/LUAD_189train_avg_eRNA_zscore_per_SE_top2000.csv
8805083	2026-05-04 19:33	shared_data/BRCA_LUAD_SKCM_subset_MergedTrain_zscoreNorm_for_AI/LUAD_189train_avg_eRNA_zscore_per_SE_top2500.csv
10572272	2026-05-04 19:33	shared_data/BRCA_LUAD_SKCM_subset_MergedTrain_zscoreNorm_for_AI/LUAD_189train_avg_eRNA_zscore_per_SE_top3000.csv
1751816	2026-05-04 19:33	shared_data/BRCA_LUAD_SKCM_subset_MergedTrain_zscoreNorm_for_AI/LUAD_189train_avg_eRNA_zscore_per_SE_top500.csv
14109692	2026-05-04 19:34	shared_data/BRCA_LUAD_SKCM_subset_MergedTrain_zscoreNorm_for_AI/LUAD_189train_avg_eRNA_zscore_per_SE_top4000.csv
3529064	2026-05-04 19:34	shared_data/BRCA_LUAD_SKCM_subset_MergedTrain_zscoreNorm_for_AI/SE_ranked_by_ANOVA_Fstat_mergedTrain_BRCA_LUAD_SKCM.csv
26489153	2026-05-04 19:34	shared_data/BRCA_LUAD_SKCM_subset_MergedTrain_zscoreNorm_for_AI/SKCM_64test_avg_eRNA_zscore_per_SE.csv
1241606	2026-05-04 19:34	shared_data/BRCA_LUAD_SKCM_subset_MergedTrain_zscoreNorm_for_AI/SKCM_64test_avg_eRNA_zscore_per_SE_top1000.csv
1859205	2026-05-04 19:34	shared_data/BRCA_LUAD_SKCM_subset_MergedTrain_zscoreNorm_for_AI/SKCM_64test_avg_eRNA_zscore_per_SE_top1500.csv
2477689	2026-05-04 19:34	shared_data/BRCA_LUAD_SKCM_subset_MergedTrain_zscoreNorm_for_AI/SKCM_64test_avg_eRNA_zscore_per_SE_top2000.csv
621331	2026-05-04 19:34	shared_data/BRCA_LUAD_SKCM_subset_MergedTrain_zscoreNorm_for_AI/SKCM_64test_avg_eRNA_zscore_per_SE_top500.csv
1230811	2026-04-12 19:34	shared_data/new_BRCA_LUAD_SKCM_eRNA_zscore_with_images/LUAD_train_val_test_eRNA_zscore/LUAD_317train_Top1000_Heatmap.png
5846780	2026-04-12 19:34	shared_data/new_BRCA_LUAD_SKCM_eRNA_zscore_with_images/LUAD_train_val_test_eRNA_zscore/LUAD_317train_Top1000_SEs.csv
281099	2026-04-12 19:34	shared_data/new_BRCA_LUAD_SKCM_eRNA_zscore_with_images/LUAD_train_val_test_eRNA_zscore/LUAD_317train_Top100_Heatmap.png
588821	2026-04-12 19:34	shared_data/new_BRCA_LUAD_SKCM_eRNA_zscore_with_images/LUAD_train_val_test_eRNA_zscore/LUAD_317train_Top100_SEs.csv
476697	2026-04-12 19:34	shared_data/new_BRCA_LUAD_SKCM_eRNA_zscore_with_images/LUAD_train_val_test_eRNA_zscore/LUAD_317train_Top250_Heatmap.png
1464391	2026-04-12 19:34	shared_data/new_BRCA_LUAD_SKCM_eRNA_zscore_with_images/LUAD_train_val_test_eRNA_zscore/LUAD_317train_Top250_SEs.csv
756884	2026-04-12 19:34	shared_data/new_BRCA_LUAD_SKCM_eRNA_zscore_with_images/LUAD_train_val_test_eRNA_zscore/LUAD_317train_Top500_Heatmap.png
2924418	2026-04-12 19:34	shared_data/new_BRCA_LUAD_SKCM_eRNA_zscore_with_images/LUAD_train_val_test_eRNA_zscore/LUAD_317train_Top500_SEs.csv
108812622	2026-04-12 19:34	shared_data/new_BRCA_LUAD_SKCM_eRNA_zscore_with_images/LUAD_train_val_test_eRNA_zscore/LUAD_317train_avg_eRNA_zscore_per_SE_3eRNAremoved.csv
3095470	2026-05-04 19:35	shared_data/BRCA_LUAD_SKCM_subset_MergedTrain_zscoreNorm_for_AI/SKCM_64test_avg_eRNA_zscore_per_SE_top2500.csv
3713597	2026-05-04 19:35	shared_data/BRCA_LUAD_SKCM_subset_MergedTrain_zscoreNorm_for_AI/SKCM_64test_avg_eRNA_zscore_per_SE_top3000.csv
4949312	2026-05-04 19:35	shared_data/BRCA_LUAD_SKCM_subset_MergedTrain_zscoreNorm_for_AI/SKCM_64test_avg_eRNA_zscore_per_SE_top4000.csv
26514439	2026-05-04 19:35	shared_data/BRCA_LUAD_SKCM_subset_MergedTrain_zscoreNorm_for_AI/SKCM_64val_avg_eRNA_zscore_per_SE.csv
1242677	2026-05-04 19:35	shared_data/BRCA_LUAD_SKCM_subset_MergedTrain_zscoreNorm_for_AI/SKCM_64val_avg_eRNA_zscore_per_SE_top1000.csv
1861061	2026-05-04 19:35	shared_data/BRCA_LUAD_SKCM_subset_MergedTrain_zscoreNorm_for_AI/SKCM_64val_avg_eRNA_zscore_per_SE_top1500.csv
2479983	2026-05-04 19:35	shared_data/BRCA_LUAD_SKCM_subset_MergedTrain_zscoreNorm_for_AI/SKCM_64val_avg_eRNA_zscore_per_SE_top2000.csv
3098503	2026-05-04 19:35	shared_data/BRCA_LUAD_SKCM_subset_MergedTrain_zscoreNorm_for_AI/SKCM_64val_avg_eRNA_zscore_per_SE_top2500.csv
621919	2026-05-04 19:35	shared_data/BRCA_LUAD_SKCM_subset_MergedTrain_zscoreNorm_for_AI/SKCM_64val_avg_eRNA_zscore_per_SE_top500.csv
1676389	2026-04-12 19:35	shared_data/new_BRCA_LUAD_SKCM_eRNA_zscore_with_images/LUAD_train_val_test_eRNA_zscore/LUAD_317train_Top1500_Heatmap.png
8774190	2026-04-12 19:35	shared_data/new_BRCA_LUAD_SKCM_eRNA_zscore_with_images/LUAD_train_val_test_eRNA_zscore/LUAD_317train_Top1500_SEs.csv
1901364	2026-04-12 19:35	shared_data/new_BRCA_LUAD_SKCM_eRNA_zscore_with_images/LUAD_train_val_test_eRNA_zscore/LUAD_317train_Top2000_Heatmap.png
11704215	2026-04-12 19:35	shared_data/new_BRCA_LUAD_SKCM_eRNA_zscore_with_images/LUAD_train_val_test_eRNA_zscore/LUAD_317train_Top2000_SEs.csv
2069183	2026-04-12 19:35	shared_data/new_BRCA_LUAD_SKCM_eRNA_zscore_with_images/LUAD_train_val_test_eRNA_zscore/LUAD_317train_Top2500_Heatmap.png
14635199	2026-04-12 19:35	shared_data/new_BRCA_LUAD_SKCM_eRNA_zscore_with_images/LUAD_train_val_test_eRNA_zscore/LUAD_317train_Top2500_SEs.csv
2086750	2026-04-12 19:35	shared_data/new_BRCA_LUAD_SKCM_eRNA_zscore_with_images/LUAD_train_val_test_eRNA_zscore/LUAD_317train_Top3000_Heatmap.png
3717040	2026-05-04 19:36	shared_data/BRCA_LUAD_SKCM_subset_MergedTrain_zscoreNorm_for_AI/SKCM_64val_avg_eRNA_zscore_per_SE_top3000.csv
4953453	2026-05-04 19:36	shared_data/BRCA_LUAD_SKCM_subset_MergedTrain_zscoreNorm_for_AI/SKCM_64val_avg_eRNA_zscore_per_SE_top4000.csv
17569211	2026-04-12 19:36	shared_data/new_BRCA_LUAD_SKCM_eRNA_zscore_with_images/LUAD_train_val_test_eRNA_zscore/LUAD_317train_Top3000_SEs.csv
1275063	2026-04-12 19:36	shared_data/new_BRCA_LUAD_SKCM_eRNA_zscore_with_images/LUAD_train_val_test_eRNA_zscore/Top1000_LUAD_67val_filtered.csv
1294101	2026-04-12 19:36	shared_data/new_BRCA_LUAD_SKCM_eRNA_zscore_with_images/LUAD_train_val_test_eRNA_zscore/Top1000_LUAD_68test_filtered.csv
128382	2026-04-12 19:36	shared_data/new_BRCA_LUAD_SKCM_eRNA_zscore_with_images/LUAD_train_val_test_eRNA_zscore/Top100_LUAD_67val_filtered.csv
130273	2026-04-12 19:36	shared_data/new_BRCA_LUAD_SKCM_eRNA_zscore_with_images/LUAD_train_val_test_eRNA_zscore/Top100_LUAD_68test_filtered.csv
1913388	2026-04-12 19:36	shared_data/new_BRCA_LUAD_SKCM_eRNA_zscore_with_images/LUAD_train_val_test_eRNA_zscore/Top1500_LUAD_67val_filtered.csv
1941392	2026-04-12 19:36	shared_data/new_BRCA_LUAD_SKCM_eRNA_zscore_with_images/LUAD_train_val_test_eRNA_zscore/Top1500_LUAD_68test_filtered.csv
2552490	2026-04-12 19:36	shared_data/new_BRCA_LUAD_SKCM_eRNA_zscore_with_images/LUAD_train_val_test_eRNA_zscore/Top2000_LUAD_67val_filtered.csv
2589633	2026-04-12 19:36	shared_data/new_BRCA_LUAD_SKCM_eRNA_zscore_with_images/LUAD_train_val_test_eRNA_zscore/Top2000_LUAD_68test_filtered.csv
3191699	2026-04-12 19:36	shared_data/new_BRCA_LUAD_SKCM_eRNA_zscore_with_images/LUAD_train_val_test_eRNA_zscore/Top2500_LUAD_67val_filtered.csv
3237508	2026-04-12 19:36	shared_data/new_BRCA_LUAD_SKCM_eRNA_zscore_with_images/LUAD_train_val_test_eRNA_zscore/Top2500_LUAD_68test_filtered.csv
319215	2026-04-12 19:36	shared_data/new_BRCA_LUAD_SKCM_eRNA_zscore_with_images/LUAD_train_val_test_eRNA_zscore/Top250_LUAD_67val_filtered.csv
324322	2026-04-12 19:36	shared_data/new_BRCA_LUAD_SKCM_eRNA_zscore_with_images/LUAD_train_val_test_eRNA_zscore/Top250_LUAD_68test_filtered.csv
3831471	2026-04-12 19:36	shared_data/new_BRCA_LUAD_SKCM_eRNA_zscore_with_images/LUAD_train_val_test_eRNA_zscore/Top3000_LUAD_67val_filtered.csv
637507	2026-04-12 19:36	shared_data/new_BRCA_LUAD_SKCM_eRNA_zscore_with_images/LUAD_train_val_test_eRNA_zscore/Top500_LUAD_67val_filtered.csv
647294	2026-04-12 19:36	shared_data/new_BRCA_LUAD_SKCM_eRNA_zscore_with_images/LUAD_train_val_test_eRNA_zscore/Top500_LUAD_68test_filtered.csv
76158389	2026-05-04 19:37	shared_data/BRCA_LUAD_SKCM_subset_MergedTrain_zscoreNorm_for_AI/SKCM_189train_avg_eRNA_zscore_per_SE.csv
3570695	2026-05-04 19:37	shared_data/BRCA_LUAD_SKCM_subset_MergedTrain_zscoreNorm_for_AI/SKCM_189train_avg_eRNA_zscore_per_SE_top1000.csv
5346327	2026-05-04 19:37	shared_data/BRCA_LUAD_SKCM_subset_MergedTrain_zscoreNorm_for_AI/SKCM_189train_avg_eRNA_zscore_per_SE_top1500.csv
7123802	2026-05-04 19:37	shared_data/BRCA_LUAD_SKCM_subset_MergedTrain_zscoreNorm_for_AI/SKCM_189train_avg_eRNA_zscore_per_SE_top2000.csv
8900018	2026-05-04 19:37	shared_data/BRCA_LUAD_SKCM_subset_MergedTrain_zscoreNorm_for_AI/SKCM_189train_avg_eRNA_zscore_per_SE_top2500.csv
1786875	2026-05-04 19:37	shared_data/BRCA_LUAD_SKCM_subset_MergedTrain_zscoreNorm_for_AI/SKCM_189train_avg_eRNA_zscore_per_SE_top500.csv
3886551	2026-04-12 19:37	shared_data/new_BRCA_LUAD_SKCM_eRNA_zscore_with_images/LUAD_train_val_test_eRNA_zscore/Top3000_LUAD_68test_filtered.csv
17231903	2026-04-12 19:37	shared_data/new_BRCA_LUAD_SKCM_eRNA_zscore_with_images/SKCM_train_val_test_eRNA_zscore/SKCM_50test_avg_eRNA_zscore_per_SE_3eRNAremoved.csv
17229075	2026-04-12 19:37	shared_data/new_BRCA_LUAD_SKCM_eRNA_zscore_with_images/SKCM_train_val_test_eRNA_zscore/SKCM_50val_avg_eRNA_zscore_per_SE_3eRNAremoved.csv
10676772	2026-05-04 19:38	shared_data/BRCA_LUAD_SKCM_subset_MergedTrain_zscoreNorm_for_AI/SKCM_189train_avg_eRNA_zscore_per_SE_top3000.csv
14228505	2026-05-04 19:38	shared_data/BRCA_LUAD_SKCM_subset_MergedTrain_zscoreNorm_for_AI/SKCM_189train_avg_eRNA_zscore_per_SE_top4000.csv
930670	2026-04-12 19:38	shared_data/new_BRCA_LUAD_SKCM_eRNA_zscore_with_images/SKCM_train_val_test_eRNA_zscore/SKCM_230train_Top1000_Heatmap.png
4258767	2026-04-12 19:38	shared_data/new_BRCA_LUAD_SKCM_eRNA_zscore_with_images/SKCM_train_val_test_eRNA_zscore/SKCM_230train_Top1000_SEs.csv
249737	2026-04-12 19:38	shared_data/new_BRCA_LUAD_SKCM_eRNA_zscore_with_images/SKCM_train_val_test_eRNA_zscore/SKCM_230train_Top100_Heatmap.png
428403	2026-04-12 19:38	shared_data/new_BRCA_LUAD_SKCM_eRNA_zscore_with_images/SKCM_train_val_test_eRNA_zscore/SKCM_230train_Top100_SEs.csv
1235214	2026-04-12 19:38	shared_data/new_BRCA_LUAD_SKCM_eRNA_zscore_with_images/SKCM_train_val_test_eRNA_zscore/SKCM_230train_Top1500_Heatmap.png
419992	2026-04-12 19:38	shared_data/new_BRCA_LUAD_SKCM_eRNA_zscore_with_images/SKCM_train_val_test_eRNA_zscore/SKCM_230train_Top250_Heatmap.png
1065592	2026-04-12 19:38	shared_data/new_BRCA_LUAD_SKCM_eRNA_zscore_with_images/SKCM_train_val_test_eRNA_zscore/SKCM_230train_Top250_SEs.csv
593465	2026-04-12 19:38	shared_data/new_BRCA_LUAD_SKCM_eRNA_zscore_with_images/SKCM_train_val_test_eRNA_zscore/SKCM_230train_Top500_Heatmap.png
2128265	2026-04-12 19:38	shared_data/new_BRCA_LUAD_SKCM_eRNA_zscore_with_images/SKCM_train_val_test_eRNA_zscore/SKCM_230train_Top500_SEs.csv
75955445	2026-04-12 19:38	shared_data/new_BRCA_LUAD_SKCM_eRNA_zscore_with_images/SKCM_train_val_test_eRNA_zscore/SKCM_230train_avg_eRNA_zscore_per_SE_3eRNAremoved.csv
6391255	2026-04-12 19:39	shared_data/new_BRCA_LUAD_SKCM_eRNA_zscore_with_images/SKCM_train_val_test_eRNA_zscore/SKCM_230train_Top1500_SEs.csv
1461565	2026-04-12 19:39	shared_data/new_BRCA_LUAD_SKCM_eRNA_zscore_with_images/SKCM_train_val_test_eRNA_zscore/SKCM_230train_Top2000_Heatmap.png
8525748	2026-04-12 19:39	shared_data/new_BRCA_LUAD_SKCM_eRNA_zscore_with_images/SKCM_train_val_test_eRNA_zscore/SKCM_230train_Top2000_SEs.csv
1577203	2026-04-12 19:39	shared_data/new_BRCA_LUAD_SKCM_eRNA_zscore_with_images/SKCM_train_val_test_eRNA_zscore/SKCM_230train_Top2500_Heatmap.png
10662223	2026-04-12 19:39	shared_data/new_BRCA_LUAD_SKCM_eRNA_zscore_with_images/SKCM_train_val_test_eRNA_zscore/SKCM_230train_Top2500_SEs.csv
1576641	2026-04-12 19:39	shared_data/new_BRCA_LUAD_SKCM_eRNA_zscore_with_images/SKCM_train_val_test_eRNA_zscore/SKCM_230train_Top3000_Heatmap.png
12798564	2026-04-12 19:39	shared_data/new_BRCA_LUAD_SKCM_eRNA_zscore_with_images/SKCM_train_val_test_eRNA_zscore/SKCM_230train_Top3000_SEs.csv
966041	2026-04-12 19:39	shared_data/new_BRCA_LUAD_SKCM_eRNA_zscore_with_images/SKCM_train_val_test_eRNA_zscore/Top1000_SKCM_50test_filtered.csv
966041	2026-04-12 19:39	shared_data/new_BRCA_LUAD_SKCM_eRNA_zscore_with_images/SKCM_train_val_test_eRNA_zscore/Top1000_SKCM_50val_filtered.csv
97072	2026-04-12 19:39	shared_data/new_BRCA_LUAD_SKCM_eRNA_zscore_with_images/SKCM_train_val_test_eRNA_zscore/Top100_SKCM_50test_filtered.csv
97213	2026-04-12 19:39	shared_data/new_BRCA_LUAD_SKCM_eRNA_zscore_with_images/SKCM_train_val_test_eRNA_zscore/Top100_SKCM_50val_filtered.csv
1450082	2026-04-12 19:39	shared_data/new_BRCA_LUAD_SKCM_eRNA_zscore_with_images/SKCM_train_val_test_eRNA_zscore/Top1500_SKCM_50test_filtered.csv
1449978	2026-04-12 19:39	shared_data/new_BRCA_LUAD_SKCM_eRNA_zscore_with_images/SKCM_train_val_test_eRNA_zscore/Top1500_SKCM_50val_filtered.csv
241479	2026-04-12 19:39	shared_data/new_BRCA_LUAD_SKCM_eRNA_zscore_with_images/SKCM_train_val_test_eRNA_zscore/Top250_SKCM_50test_filtered.csv
241707	2026-04-12 19:39	shared_data/new_BRCA_LUAD_SKCM_eRNA_zscore_with_images/SKCM_train_val_test_eRNA_zscore/Top250_SKCM_50val_filtered.csv
482662	2026-04-12 19:39	shared_data/new_BRCA_LUAD_SKCM_eRNA_zscore_with_images/SKCM_train_val_test_eRNA_zscore/Top500_SKCM_50test_filtered.csv
482808	2026-04-12 19:39	shared_data/new_BRCA_LUAD_SKCM_eRNA_zscore_with_images/SKCM_train_val_test_eRNA_zscore/Top500_SKCM_50val_filtered.csv
1934373	2026-04-12 19:40	shared_data/new_BRCA_LUAD_SKCM_eRNA_zscore_with_images/SKCM_train_val_test_eRNA_zscore/Top2000_SKCM_50test_filtered.csv
1934405	2026-04-12 19:40	shared_data/new_BRCA_LUAD_SKCM_eRNA_zscore_with_images/SKCM_train_val_test_eRNA_zscore/Top2000_SKCM_50val_filtered.csv
2419202	2026-04-12 19:40	shared_data/new_BRCA_LUAD_SKCM_eRNA_zscore_with_images/SKCM_train_val_test_eRNA_zscore/Top2500_SKCM_50test_filtered.csv
2418710	2026-04-12 19:40	shared_data/new_BRCA_LUAD_SKCM_eRNA_zscore_with_images/SKCM_train_val_test_eRNA_zscore/Top2500_SKCM_50val_filtered.csv
2903844	2026-04-12 19:40	shared_data/new_BRCA_LUAD_SKCM_eRNA_zscore_with_images/SKCM_train_val_test_eRNA_zscore/Top3000_SKCM_50test_filtered.csv
2903056	2026-04-12 19:40	shared_data/new_BRCA_LUAD_SKCM_eRNA_zscore_with_images/SKCM_train_val_test_eRNA_zscore/Top3000_SKCM_50val_filtered.csv
428166271	2026-04-05 19:40	shared_data/panTCGA_average_eRNA_zscore_per_SE_clustering/TopVarSEs_2500_FullSamples.csv
1863117	2026-04-05 19:41	shared_data/panTCGA_average_eRNA_zscore_per_SE_clustering/TopVarSEs_3000.csv
513718327	2026-04-05 19:54	shared_data/panTCGA_average_eRNA_zscore_per_SE_clustering/TopVarSEs_3000_FullSamples.csv
8814	2026-04-05 19:54	shared_data/panTCGA_average_eRNA_zscore_per_SE_clustering/UMAP_Top100.pdf
8852	2026-04-05 19:54	shared_data/panTCGA_average_eRNA_zscore_per_SE_clustering/UMAP_Top1000.pdf
8782	2026-04-05 19:54	shared_data/panTCGA_average_eRNA_zscore_per_SE_clustering/UMAP_Top1500.pdf
8823	2026-04-05 19:54	shared_data/panTCGA_average_eRNA_zscore_per_SE_clustering/UMAP_Top2000.pdf
8797	2026-04-05 19:54	shared_data/panTCGA_average_eRNA_zscore_per_SE_clustering/UMAP_Top250.pdf
8938	2026-04-05 19:54	shared_data/panTCGA_average_eRNA_zscore_per_SE_clustering/UMAP_Top2500.pdf
8957	2026-04-05 19:54	shared_data/panTCGA_average_eRNA_zscore_per_SE_clustering/UMAP_Top3000.pdf
8865	2026-04-05 19:54	shared_data/panTCGA_average_eRNA_zscore_per_SE_clustering/UMAP_Top500.pdf
62546746	2026-03-02 19:56	shared_data/SKCM_189train_64test_64val_SE_eRNA_zscore_3eRNAremoved_csv_for_AI_updated/SKCM_189train_avg_eRNA_zscore_per_SE_3eRNAremoved.csv
21754303	2026-03-02 19:56	shared_data/SKCM_189train_64test_64val_SE_eRNA_zscore_3eRNAremoved_csv_for_AI_updated/SKCM_64test_avg_eRNA_zscore_per_SE_3eRNAremoved.csv
21772595	2026-03-02 19:56	shared_data/SKCM_189train_64test_64val_SE_eRNA_zscore_3eRNAremoved_csv_for_AI_updated/SKCM_64val_avg_eRNA_zscore_per_SE_3eRNAremoved.csv
353165	2026-03-02 19:56	shared_data/SKCM_189train_64test_64val_SE_eRNA_zscore_3eRNAremoved_csv_for_AI_updated/Top100_189train_SEs_eRNA_zscore_3eRNAremoved.csv
123418	2026-03-02 19:56	shared_data/SKCM_189train_64test_64val_SE_eRNA_zscore_3eRNAremoved_csv_for_AI_updated/Top100_64test_SEs_eRNA_zscore_3eRNAremoved.csv
123468	2026-03-02 19:56	shared_data/SKCM_189train_64test_64val_SE_eRNA_zscore_3eRNAremoved_csv_for_AI_updated/Top100_64val_SEs_eRNA_zscore_3eRNAremoved.csv
877953	2026-03-02 19:56	shared_data/SKCM_189train_64test_64val_SE_eRNA_zscore_3eRNAremoved_csv_for_AI_updated/Top250_189train_SEs_eRNA_zscore_3eRNAremoved.csv
306673	2026-03-02 19:56	shared_data/SKCM_189train_64test_64val_SE_eRNA_zscore_3eRNAremoved_csv_for_AI_updated/Top250_64test_SEs_eRNA_zscore_3eRNAremoved.csv
306761	2026-03-02 19:56	shared_data/SKCM_189train_64test_64val_SE_eRNA_zscore_3eRNAremoved_csv_for_AI_updated/Top250_64val_SEs_eRNA_zscore_3eRNAremoved.csv
1753745	2026-03-02 19:56	shared_data/SKCM_189train_64test_64val_SE_eRNA_zscore_3eRNAremoved_csv_for_AI_updated/Top500_189train_SEs_eRNA_zscore_3eRNAremoved.csv
612669	2026-03-02 19:56	shared_data/SKCM_189train_64test_64val_SE_eRNA_zscore_3eRNAremoved_csv_for_AI_updated/Top500_64test_SEs_eRNA_zscore_3eRNAremoved.csv
612596	2026-03-02 19:56	shared_data/SKCM_189train_64test_64val_SE_eRNA_zscore_3eRNAremoved_csv_for_AI_updated/Top500_64val_SEs_eRNA_zscore_3eRNAremoved.csv
3508621	2026-03-02 19:57	shared_data/SKCM_189train_64test_64val_SE_eRNA_zscore_3eRNAremoved_csv_for_AI_updated/Top1000_189train_SEs_eRNA_zscore_3eRNAremoved.csv
1225457	2026-03-02 19:57	shared_data/SKCM_189train_64test_64val_SE_eRNA_zscore_3eRNAremoved_csv_for_AI_updated/Top1000_64test_SEs_eRNA_zscore_3eRNAremoved.csv
1225834	2026-03-02 19:57	shared_data/SKCM_189train_64test_64val_SE_eRNA_zscore_3eRNAremoved_csv_for_AI_updated/Top1000_64val_SEs_eRNA_zscore_3eRNAremoved.csv
5265518	2026-03-02 19:57	shared_data/SKCM_189train_64test_64val_SE_eRNA_zscore_3eRNAremoved_csv_for_AI_updated/Top1500_189train_SEs_eRNA_zscore_3eRNAremoved.csv
1839085	2026-03-02 19:57	shared_data/SKCM_189train_64test_64val_SE_eRNA_zscore_3eRNAremoved_csv_for_AI_updated/Top1500_64test_SEs_eRNA_zscore_3eRNAremoved.csv
1839662	2026-03-02 19:57	shared_data/SKCM_189train_64test_64val_SE_eRNA_zscore_3eRNAremoved_csv_for_AI_updated/Top1500_64val_SEs_eRNA_zscore_3eRNAremoved.csv
7023794	2026-03-02 19:57	shared_data/SKCM_189train_64test_64val_SE_eRNA_zscore_3eRNAremoved_csv_for_AI_updated/Top2000_189train_SEs_eRNA_zscore_3eRNAremoved.csv
2453202	2026-03-02 19:57	shared_data/SKCM_189train_64test_64val_SE_eRNA_zscore_3eRNAremoved_csv_for_AI_updated/Top2000_64test_SEs_eRNA_zscore_3eRNAremoved.csv
2454078	2026-03-02 19:57	shared_data/SKCM_189train_64test_64val_SE_eRNA_zscore_3eRNAremoved_csv_for_AI_updated/Top2000_64val_SEs_eRNA_zscore_3eRNAremoved.csv
8784127	2026-03-02 19:57	shared_data/SKCM_189train_64test_64val_SE_eRNA_zscore_3eRNAremoved_csv_for_AI_updated/Top2500_189train_SEs_eRNA_zscore_3eRNAremoved.csv
3067740	2026-03-02 19:57	shared_data/SKCM_189train_64test_64val_SE_eRNA_zscore_3eRNAremoved_csv_for_AI_updated/Top2500_64test_SEs_eRNA_zscore_3eRNAremoved.csv
3068992	2026-03-02 19:57	shared_data/SKCM_189train_64test_64val_SE_eRNA_zscore_3eRNAremoved_csv_for_AI_updated/Top2500_64val_SEs_eRNA_zscore_3eRNAremoved.csv
10545796	2026-03-02 19:57	shared_data/SKCM_189train_64test_64val_SE_eRNA_zscore_3eRNAremoved_csv_for_AI_updated/Top3000_189train_SEs_eRNA_zscore_3eRNAremoved.csv
3682671	2026-03-02 19:57	shared_data/SKCM_189train_64test_64val_SE_eRNA_zscore_3eRNAremoved_csv_for_AI_updated/Top3000_64test_SEs_eRNA_zscore_3eRNAremoved.csv
3684003	2026-03-02 19:57	shared_data/SKCM_189train_64test_64val_SE_eRNA_zscore_3eRNAremoved_csv_for_AI_updated/Top3000_64val_SEs_eRNA_zscore_3eRNAremoved.csv
62546746	2026-03-01 20:04	shared_data/SKCM_189train_SE_eRNA_zscore_3eRNAremoved_csv_for_AI_v2/SKCM_189tumors_avg_eRNA_zscore_per_SE_3eRNAremoved.csv
3508621	2026-03-01 20:04	shared_data/SKCM_189train_SE_eRNA_zscore_3eRNAremoved_csv_for_AI_v2/Top1000_189train_SEs_eRNA_zscore_3eRNAremoved.csv
885669	2026-03-01 20:04	shared_data/SKCM_189train_SE_eRNA_zscore_3eRNAremoved_csv_for_AI_v2/Top1000_SEs_Heatmap.png
340374	2026-03-01 20:04	shared_data/SKCM_189train_SE_eRNA_zscore_3eRNAremoved_csv_for_AI_v2/Top1000_SEs_PCA.png
366537	2026-03-01 20:04	shared_data/SKCM_189train_SE_eRNA_zscore_3eRNAremoved_csv_for_AI_v2/Top1000_SEs_UMAP.png
353165	2026-03-01 20:04	shared_data/SKCM_189train_SE_eRNA_zscore_3eRNAremoved_csv_for_AI_v2/Top100_189train_SEs_eRNA_zscore_3eRNAremoved.csv
232560	2026-03-01 20:04	shared_data/SKCM_189train_SE_eRNA_zscore_3eRNAremoved_csv_for_AI_v2/Top100_SEs_Heatmap.png
334825	2026-03-01 20:04	shared_data/SKCM_189train_SE_eRNA_zscore_3eRNAremoved_csv_for_AI_v2/Top100_SEs_PCA.png
369406	2026-03-01 20:04	shared_data/SKCM_189train_SE_eRNA_zscore_3eRNAremoved_csv_for_AI_v2/Top100_SEs_UMAP.png
5265518	2026-03-01 20:04	shared_data/SKCM_189train_SE_eRNA_zscore_3eRNAremoved_csv_for_AI_v2/Top1500_189train_SEs_eRNA_zscore_3eRNAremoved.csv
1185582	2026-03-01 20:04	shared_data/SKCM_189train_SE_eRNA_zscore_3eRNAremoved_csv_for_AI_v2/Top1500_SEs_Heatmap.png
341459	2026-03-01 20:04	shared_data/SKCM_189train_SE_eRNA_zscore_3eRNAremoved_csv_for_AI_v2/Top1500_SEs_PCA.png
373691	2026-03-01 20:04	shared_data/SKCM_189train_SE_eRNA_zscore_3eRNAremoved_csv_for_AI_v2/Top1500_SEs_UMAP.png
7023794	2026-03-01 20:04	shared_data/SKCM_189train_SE_eRNA_zscore_3eRNAremoved_csv_for_AI_v2/Top2000_189train_SEs_eRNA_zscore_3eRNAremoved.csv
1384452	2026-03-01 20:04	shared_data/SKCM_189train_SE_eRNA_zscore_3eRNAremoved_csv_for_AI_v2/Top2000_SEs_Heatmap.png
338005	2026-03-01 20:04	shared_data/SKCM_189train_SE_eRNA_zscore_3eRNAremoved_csv_for_AI_v2/Top2000_SEs_PCA.png
372869	2026-03-01 20:04	shared_data/SKCM_189train_SE_eRNA_zscore_3eRNAremoved_csv_for_AI_v2/Top2000_SEs_UMAP.png
8784127	2026-03-01 20:04	shared_data/SKCM_189train_SE_eRNA_zscore_3eRNAremoved_csv_for_AI_v2/Top2500_189train_SEs_eRNA_zscore_3eRNAremoved.csv
1465437	2026-03-01 20:04	shared_data/SKCM_189train_SE_eRNA_zscore_3eRNAremoved_csv_for_AI_v2/Top2500_SEs_Heatmap.png
877953	2026-03-01 20:04	shared_data/SKCM_189train_SE_eRNA_zscore_3eRNAremoved_csv_for_AI_v2/Top250_189train_SEs_eRNA_zscore_3eRNAremoved.csv
390695	2026-03-01 20:04	shared_data/SKCM_189train_SE_eRNA_zscore_3eRNAremoved_csv_for_AI_v2/Top250_SEs_Heatmap.png
338196	2026-03-01 20:04	shared_data/SKCM_189train_SE_eRNA_zscore_3eRNAremoved_csv_for_AI_v2/Top250_SEs_PCA.png
370944	2026-03-01 20:04	shared_data/SKCM_189train_SE_eRNA_zscore_3eRNAremoved_csv_for_AI_v2/Top250_SEs_UMAP.png
1753745	2026-03-01 20:04	shared_data/SKCM_189train_SE_eRNA_zscore_3eRNAremoved_csv_for_AI_v2/Top500_189train_SEs_eRNA_zscore_3eRNAremoved.csv
573876	2026-03-01 20:04	shared_data/SKCM_189train_SE_eRNA_zscore_3eRNAremoved_csv_for_AI_v2/Top500_SEs_Heatmap.png
338958	2026-03-01 20:04	shared_data/SKCM_189train_SE_eRNA_zscore_3eRNAremoved_csv_for_AI_v2/Top500_SEs_PCA.png
368365	2026-03-01 20:04	shared_data/SKCM_189train_SE_eRNA_zscore_3eRNAremoved_csv_for_AI_v2/Top500_SEs_UMAP.png
340228	2026-03-01 20:05	shared_data/SKCM_189train_SE_eRNA_zscore_3eRNAremoved_csv_for_AI_v2/Top2500_SEs_PCA.png
370212	2026-03-01 20:05	shared_data/SKCM_189train_SE_eRNA_zscore_3eRNAremoved_csv_for_AI_v2/Top2500_SEs_UMAP.png
10545796	2026-03-01 20:05	shared_data/SKCM_189train_SE_eRNA_zscore_3eRNAremoved_csv_for_AI_v2/Top3000_189train_SEs_eRNA_zscore_3eRNAremoved.csv
1481616	2026-03-01 20:05	shared_data/SKCM_189train_SE_eRNA_zscore_3eRNAremoved_csv_for_AI_v2/Top3000_SEs_Heatmap.png
337230	2026-03-01 20:05	shared_data/SKCM_189train_SE_eRNA_zscore_3eRNAremoved_csv_for_AI_v2/Top3000_SEs_PCA.png
366653	2026-03-01 20:05	shared_data/SKCM_189train_SE_eRNA_zscore_3eRNAremoved_csv_for_AI_v2/Top3000_SEs_UMAP.png
21754303	2026-03-01 20:06	shared_data/SKCM_64test_SE_eRNA_zscore_3eRNAremoved_csv_for_AI/SKCM_64test_avg_eRNA_zscore_per_SE_3eRNAremoved.csv
1221500	2026-03-01 20:06	shared_data/SKCM_64test_SE_eRNA_zscore_3eRNAremoved_csv_for_AI/Top1000_64test_SEs_eRNA_zscore_3eRNAremoved.csv
475018	2026-03-01 20:06	shared_data/SKCM_64test_SE_eRNA_zscore_3eRNAremoved_csv_for_AI/Top1000_SEs_Heatmap.png
189352	2026-03-01 20:06	shared_data/SKCM_64test_SE_eRNA_zscore_3eRNAremoved_csv_for_AI/Top1000_SEs_PCA.png
192383	2026-03-01 20:06	shared_data/SKCM_64test_SE_eRNA_zscore_3eRNAremoved_csv_for_AI/Top1000_SEs_UMAP.png
123798	2026-03-01 20:06	shared_data/SKCM_64test_SE_eRNA_zscore_3eRNAremoved_csv_for_AI/Top100_64test_SEs_eRNA_zscore_3eRNAremoved.csv
159851	2026-03-01 20:06	shared_data/SKCM_64test_SE_eRNA_zscore_3eRNAremoved_csv_for_AI/Top100_SEs_Heatmap.png
178930	2026-03-01 20:06	shared_data/SKCM_64test_SE_eRNA_zscore_3eRNAremoved_csv_for_AI/Top100_SEs_PCA.png
193800	2026-03-01 20:06	shared_data/SKCM_64test_SE_eRNA_zscore_3eRNAremoved_csv_for_AI/Top100_SEs_UMAP.png
1832284	2026-03-01 20:06	shared_data/SKCM_64test_SE_eRNA_zscore_3eRNAremoved_csv_for_AI/Top1500_64test_SEs_eRNA_zscore_3eRNAremoved.csv
594875	2026-03-01 20:06	shared_data/SKCM_64test_SE_eRNA_zscore_3eRNAremoved_csv_for_AI/Top1500_SEs_Heatmap.png
187263	2026-03-01 20:06	shared_data/SKCM_64test_SE_eRNA_zscore_3eRNAremoved_csv_for_AI/Top1500_SEs_PCA.png
195813	2026-03-01 20:06	shared_data/SKCM_64test_SE_eRNA_zscore_3eRNAremoved_csv_for_AI/Top1500_SEs_UMAP.png
2443759	2026-03-01 20:06	shared_data/SKCM_64test_SE_eRNA_zscore_3eRNAremoved_csv_for_AI/Top2000_64test_SEs_eRNA_zscore_3eRNAremoved.csv
666150	2026-03-01 20:06	shared_data/SKCM_64test_SE_eRNA_zscore_3eRNAremoved_csv_for_AI/Top2000_SEs_Heatmap.png
186114	2026-03-01 20:06	shared_data/SKCM_64test_SE_eRNA_zscore_3eRNAremoved_csv_for_AI/Top2000_SEs_PCA.png
196548	2026-03-01 20:06	shared_data/SKCM_64test_SE_eRNA_zscore_3eRNAremoved_csv_for_AI/Top2000_SEs_UMAP.png
3055550	2026-03-01 20:06	shared_data/SKCM_64test_SE_eRNA_zscore_3eRNAremoved_csv_for_AI/Top2500_64test_SEs_eRNA_zscore_3eRNAremoved.csv
687436	2026-03-01 20:06	shared_data/SKCM_64test_SE_eRNA_zscore_3eRNAremoved_csv_for_AI/Top2500_SEs_Heatmap.png
188381	2026-03-01 20:06	shared_data/SKCM_64test_SE_eRNA_zscore_3eRNAremoved_csv_for_AI/Top2500_SEs_PCA.png
193600	2026-03-01 20:06	shared_data/SKCM_64test_SE_eRNA_zscore_3eRNAremoved_csv_for_AI/Top2500_SEs_UMAP.png
306383	2026-03-01 20:06	shared_data/SKCM_64test_SE_eRNA_zscore_3eRNAremoved_csv_for_AI/Top250_64test_SEs_eRNA_zscore_3eRNAremoved.csv
238124	2026-03-01 20:06	shared_data/SKCM_64test_SE_eRNA_zscore_3eRNAremoved_csv_for_AI/Top250_SEs_Heatmap.png
185509	2026-03-01 20:06	shared_data/SKCM_64test_SE_eRNA_zscore_3eRNAremoved_csv_for_AI/Top250_SEs_PCA.png
194496	2026-03-01 20:06	shared_data/SKCM_64test_SE_eRNA_zscore_3eRNAremoved_csv_for_AI/Top250_SEs_UMAP.png
611450	2026-03-01 20:06	shared_data/SKCM_64test_SE_eRNA_zscore_3eRNAremoved_csv_for_AI/Top500_64test_SEs_eRNA_zscore_3eRNAremoved.csv
332344	2026-03-01 20:06	shared_data/SKCM_64test_SE_eRNA_zscore_3eRNAremoved_csv_for_AI/Top500_SEs_Heatmap.png
184341	2026-03-01 20:06	shared_data/SKCM_64test_SE_eRNA_zscore_3eRNAremoved_csv_for_AI/Top500_SEs_PCA.png
195788	2026-03-01 20:06	shared_data/SKCM_64test_SE_eRNA_zscore_3eRNAremoved_csv_for_AI/Top500_SEs_UMAP.png
3667783	2026-03-01 20:07	shared_data/SKCM_64test_SE_eRNA_zscore_3eRNAremoved_csv_for_AI/Top3000_64test_SEs_eRNA_zscore_3eRNAremoved.csv
686037	2026-03-01 20:07	shared_data/SKCM_64test_SE_eRNA_zscore_3eRNAremoved_csv_for_AI/Top3000_SEs_Heatmap.png
188190	2026-03-01 20:07	shared_data/SKCM_64test_SE_eRNA_zscore_3eRNAremoved_csv_for_AI/Top3000_SEs_PCA.png
193335	2026-03-01 20:07	shared_data/SKCM_64test_SE_eRNA_zscore_3eRNAremoved_csv_for_AI/Top3000_SEs_UMAP.png
21772595	2026-03-01 20:07	shared_data/SKCM_64val_SE_eRNA_zscore_3eRNAremoved_csv_for_AI/SKCM_64val_avg_eRNA_zscore_per_SE_3eRNAremoved.csv
123842	2026-03-01 20:07	shared_data/SKCM_64val_SE_eRNA_zscore_3eRNAremoved_csv_for_AI/Top100_64val_SEs_eRNA_zscore_3eRNAremoved.csv
159645	2026-03-01 20:07	shared_data/SKCM_64val_SE_eRNA_zscore_3eRNAremoved_csv_for_AI/Top100_SEs_Heatmap.png
1221833	2026-03-01 20:08	shared_data/SKCM_64val_SE_eRNA_zscore_3eRNAremoved_csv_for_AI/Top1000_64val_SEs_eRNA_zscore_3eRNAremoved.csv
464688	2026-03-01 20:08	shared_data/SKCM_64val_SE_eRNA_zscore_3eRNAremoved_csv_for_AI/Top1000_SEs_Heatmap.png
184324	2026-03-01 20:08	shared_data/SKCM_64val_SE_eRNA_zscore_3eRNAremoved_csv_for_AI/Top1000_SEs_PCA.png
195949	2026-03-01 20:08	shared_data/SKCM_64val_SE_eRNA_zscore_3eRNAremoved_csv_for_AI/Top1000_SEs_UMAP.png
167986	2026-03-01 20:08	shared_data/SKCM_64val_SE_eRNA_zscore_3eRNAremoved_csv_for_AI/Top100_SEs_PCA.png
195046	2026-03-01 20:08	shared_data/SKCM_64val_SE_eRNA_zscore_3eRNAremoved_csv_for_AI/Top100_SEs_UMAP.png
1832639	2026-03-01 20:08	shared_data/SKCM_64val_SE_eRNA_zscore_3eRNAremoved_csv_for_AI/Top1500_64val_SEs_eRNA_zscore_3eRNAremoved.csv
590320	2026-03-01 20:08	shared_data/SKCM_64val_SE_eRNA_zscore_3eRNAremoved_csv_for_AI/Top1500_SEs_Heatmap.png
193650	2026-03-01 20:08	shared_data/SKCM_64val_SE_eRNA_zscore_3eRNAremoved_csv_for_AI/Top1500_SEs_PCA.png
197493	2026-03-01 20:08	shared_data/SKCM_64val_SE_eRNA_zscore_3eRNAremoved_csv_for_AI/Top1500_SEs_UMAP.png
2444124	2026-03-01 20:08	shared_data/SKCM_64val_SE_eRNA_zscore_3eRNAremoved_csv_for_AI/Top2000_64val_SEs_eRNA_zscore_3eRNAremoved.csv
654261	2026-03-01 20:08	shared_data/SKCM_64val_SE_eRNA_zscore_3eRNAremoved_csv_for_AI/Top2000_SEs_Heatmap.png
192341	2026-03-01 20:08	shared_data/SKCM_64val_SE_eRNA_zscore_3eRNAremoved_csv_for_AI/Top2000_SEs_PCA.png
195281	2026-03-01 20:08	shared_data/SKCM_64val_SE_eRNA_zscore_3eRNAremoved_csv_for_AI/Top2000_SEs_UMAP.png
3056240	2026-03-01 20:08	shared_data/SKCM_64val_SE_eRNA_zscore_3eRNAremoved_csv_for_AI/Top2500_64val_SEs_eRNA_zscore_3eRNAremoved.csv
681391	2026-03-01 20:08	shared_data/SKCM_64val_SE_eRNA_zscore_3eRNAremoved_csv_for_AI/Top2500_SEs_Heatmap.png
196541	2026-03-01 20:08	shared_data/SKCM_64val_SE_eRNA_zscore_3eRNAremoved_csv_for_AI/Top2500_SEs_PCA.png
196151	2026-03-01 20:08	shared_data/SKCM_64val_SE_eRNA_zscore_3eRNAremoved_csv_for_AI/Top2500_SEs_UMAP.png
306722	2026-03-01 20:08	shared_data/SKCM_64val_SE_eRNA_zscore_3eRNAremoved_csv_for_AI/Top250_64val_SEs_eRNA_zscore_3eRNAremoved.csv
237210	2026-03-01 20:08	shared_data/SKCM_64val_SE_eRNA_zscore_3eRNAremoved_csv_for_AI/Top250_SEs_Heatmap.png
179010	2026-03-01 20:08	shared_data/SKCM_64val_SE_eRNA_zscore_3eRNAremoved_csv_for_AI/Top250_SEs_PCA.png
193826	2026-03-01 20:08	shared_data/SKCM_64val_SE_eRNA_zscore_3eRNAremoved_csv_for_AI/Top250_SEs_UMAP.png
3668984	2026-03-01 20:08	shared_data/SKCM_64val_SE_eRNA_zscore_3eRNAremoved_csv_for_AI/Top3000_64val_SEs_eRNA_zscore_3eRNAremoved.csv
681315	2026-03-01 20:08	shared_data/SKCM_64val_SE_eRNA_zscore_3eRNAremoved_csv_for_AI/Top3000_SEs_Heatmap.png
199321	2026-03-01 20:08	shared_data/SKCM_64val_SE_eRNA_zscore_3eRNAremoved_csv_for_AI/Top3000_SEs_PCA.png
197072	2026-03-01 20:08	shared_data/SKCM_64val_SE_eRNA_zscore_3eRNAremoved_csv_for_AI/Top3000_SEs_UMAP.png
611395	2026-03-01 20:08	shared_data/SKCM_64val_SE_eRNA_zscore_3eRNAremoved_csv_for_AI/Top500_64val_SEs_eRNA_zscore_3eRNAremoved.csv
329297	2026-03-01 20:08	shared_data/SKCM_64val_SE_eRNA_zscore_3eRNAremoved_csv_for_AI/Top500_SEs_Heatmap.png
183468	2026-03-01 20:08	shared_data/SKCM_64val_SE_eRNA_zscore_3eRNAremoved_csv_for_AI/Top500_SEs_PCA.png
193448	2026-03-01 20:08	shared_data/SKCM_64val_SE_eRNA_zscore_3eRNAremoved_csv_for_AI/Top500_SEs_UMAP.png
93400304	2026-04-20 20:29	shared_data/BRCA_LUAD_SKCM_eRNA_sum_per_SE_for_AI/BRCA_319_TrainValTest_eRNA_sum_per_SE_log2TPMplus1.csv
37210184	2026-04-20 20:29	shared_data/BRCA_LUAD_SKCM_eRNA_sum_per_SE_for_AI/BRCA_LUAD_SKCM_merged_eRNA_sum_per_SE_lg2TPMplus1_5pct_above6.5.csv
270463664	2026-04-20 20:31	shared_data/BRCA_LUAD_SKCM_eRNA_sum_per_SE_for_AI/BRCA_LUAD_SKCM_merged_eRNA_sum_per_SE_log2TPMplus1.csv
27500251	2026-04-20 20:32	shared_data/BRCA_LUAD_SKCM_eRNA_sum_per_SE_for_AI/BRCA_LUAD_SKCM_merged_eRNA_sum_per_SE_log2TPMplus1_10pct_above6.5.csv
93610672	2026-04-20 20:32	shared_data/BRCA_LUAD_SKCM_eRNA_sum_per_SE_for_AI/LUAD_315_TrainValTest_eRNA_sum_per_SE_log2TPMplus1.csv
87829708	2026-04-20 20:33	shared_data/BRCA_LUAD_SKCM_eRNA_sum_per_SE_for_AI/SKCM_317_TrainValTest_eRNA_sum_per_SE_log2TPMplus1.csv
46902710	2026-03-08 20:52	shared_data/BRCA_192train_63val_64test_SE_eRNA_zscore_3eRNAremoved_csv_for_AI/BRCA_63val_avg_eRNA_zscore_per_SE.csv
47630539	2026-03-08 20:52	shared_data/BRCA_192train_63val_64test_SE_eRNA_zscore_3eRNAremoved_csv_for_AI/BRCA_64test_avg_eRNA_zscore_per_SE.csv
66585889	2026-03-08 20:53	shared_data/BRCA_192train_63val_64test_SE_eRNA_zscore_3eRNAremoved_csv_for_AI/BRCA_192train_avg_eRNA_zscore_per_SE_3eRNAremoved.csv
887463	2026-03-08 20:53	shared_data/BRCA_192train_63val_64test_SE_eRNA_zscore_3eRNAremoved_csv_for_AI/Top1000_SEs_192train_Heatmap.png
332768	2026-03-08 20:53	shared_data/BRCA_192train_63val_64test_SE_eRNA_zscore_3eRNAremoved_csv_for_AI/Top1000_SEs_192train_PCA.png
369869	2026-03-08 20:53	shared_data/BRCA_192train_63val_64test_SE_eRNA_zscore_3eRNAremoved_csv_for_AI/Top1000_SEs_192train_UMAP.png
3560116	2026-03-08 20:53	shared_data/BRCA_192train_63val_64test_SE_eRNA_zscore_3eRNAremoved_csv_for_AI/Top1000_SEs_192train_eRNA_zscore_3eRNAremoved.csv
1207705	2026-03-08 20:53	shared_data/BRCA_192train_63val_64test_SE_eRNA_zscore_3eRNAremoved_csv_for_AI/Top1000_SEs_63val_eRNA_zscore_3eRNAremoved.csv
1226636	2026-03-08 20:53	shared_data/BRCA_192train_63val_64test_SE_eRNA_zscore_3eRNAremoved_csv_for_AI/Top1000_SEs_64test_eRNA_zscore_3eRNAremoved.csv
232143	2026-03-08 20:53	shared_data/BRCA_192train_63val_64test_SE_eRNA_zscore_3eRNAremoved_csv_for_AI/Top100_SEs_192train_Heatmap.png
321154	2026-03-08 20:53	shared_data/BRCA_192train_63val_64test_SE_eRNA_zscore_3eRNAremoved_csv_for_AI/Top100_SEs_192train_PCA.png
370370	2026-03-08 20:53	shared_data/BRCA_192train_63val_64test_SE_eRNA_zscore_3eRNAremoved_csv_for_AI/Top100_SEs_192train_UMAP.png
358217	2026-03-08 20:53	shared_data/BRCA_192train_63val_64test_SE_eRNA_zscore_3eRNAremoved_csv_for_AI/Top100_SEs_192train_eRNA_zscore_3eRNAremoved.csv
121603	2026-03-08 20:53	shared_data/BRCA_192train_63val_64test_SE_eRNA_zscore_3eRNAremoved_csv_for_AI/Top100_SEs_63val_eRNA_zscore_3eRNAremoved.csv
123520	2026-03-08 20:53	shared_data/BRCA_192train_63val_64test_SE_eRNA_zscore_3eRNAremoved_csv_for_AI/Top100_SEs_64test_eRNA_zscore_3eRNAremoved.csv
1184357	2026-03-08 20:53	shared_data/BRCA_192train_63val_64test_SE_eRNA_zscore_3eRNAremoved_csv_for_AI/Top1500_SEs_192train_Heatmap.png
326810	2026-03-08 20:53	shared_data/BRCA_192train_63val_64test_SE_eRNA_zscore_3eRNAremoved_csv_for_AI/Top1500_SEs_192train_PCA.png
376078	2026-03-08 20:53	shared_data/BRCA_192train_63val_64test_SE_eRNA_zscore_3eRNAremoved_csv_for_AI/Top1500_SEs_192train_UMAP.png
5343573	2026-03-08 20:53	shared_data/BRCA_192train_63val_64test_SE_eRNA_zscore_3eRNAremoved_csv_for_AI/Top1500_SEs_192train_eRNA_zscore_3eRNAremoved.csv
1813004	2026-03-08 20:53	shared_data/BRCA_192train_63val_64test_SE_eRNA_zscore_3eRNAremoved_csv_for_AI/Top1500_SEs_63val_eRNA_zscore_3eRNAremoved.csv
1840766	2026-03-08 20:53	shared_data/BRCA_192train_63val_64test_SE_eRNA_zscore_3eRNAremoved_csv_for_AI/Top1500_SEs_64test_eRNA_zscore_3eRNAremoved.csv
2418105	2026-03-08 20:53	shared_data/BRCA_192train_63val_64test_SE_eRNA_zscore_3eRNAremoved_csv_for_AI/Top2000_SEs_63val_eRNA_zscore_3eRNAremoved.csv
2455350	2026-03-08 20:53	shared_data/BRCA_192train_63val_64test_SE_eRNA_zscore_3eRNAremoved_csv_for_AI/Top2000_SEs_64test_eRNA_zscore_3eRNAremoved.csv
367551	2026-03-08 20:53	shared_data/BRCA_192train_63val_64test_SE_eRNA_zscore_3eRNAremoved_csv_for_AI/Top250_SEs_192train_Heatmap.png
326205	2026-03-08 20:53	shared_data/BRCA_192train_63val_64test_SE_eRNA_zscore_3eRNAremoved_csv_for_AI/Top250_SEs_192train_PCA.png
367207	2026-03-08 20:53	shared_data/BRCA_192train_63val_64test_SE_eRNA_zscore_3eRNAremoved_csv_for_AI/Top250_SEs_192train_UMAP.png
890422	2026-03-08 20:53	shared_data/BRCA_192train_63val_64test_SE_eRNA_zscore_3eRNAremoved_csv_for_AI/Top250_SEs_192train_eRNA_zscore_3eRNAremoved.csv
302067	2026-03-08 20:53	shared_data/BRCA_192train_63val_64test_SE_eRNA_zscore_3eRNAremoved_csv_for_AI/Top250_SEs_63val_eRNA_zscore_3eRNAremoved.csv
306851	2026-03-08 20:53	shared_data/BRCA_192train_63val_64test_SE_eRNA_zscore_3eRNAremoved_csv_for_AI/Top250_SEs_64test_eRNA_zscore_3eRNAremoved.csv
555927	2026-03-08 20:53	shared_data/BRCA_192train_63val_64test_SE_eRNA_zscore_3eRNAremoved_csv_for_AI/Top500_SEs_192train_Heatmap.png
322823	2026-03-08 20:53	shared_data/BRCA_192train_63val_64test_SE_eRNA_zscore_3eRNAremoved_csv_for_AI/Top500_SEs_192train_PCA.png
368641	2026-03-08 20:53	shared_data/BRCA_192train_63val_64test_SE_eRNA_zscore_3eRNAremoved_csv_for_AI/Top500_SEs_192train_UMAP.png
1779865	2026-03-08 20:53	shared_data/BRCA_192train_63val_64test_SE_eRNA_zscore_3eRNAremoved_csv_for_AI/Top500_SEs_192train_eRNA_zscore_3eRNAremoved.csv
603645	2026-03-08 20:53	shared_data/BRCA_192train_63val_64test_SE_eRNA_zscore_3eRNAremoved_csv_for_AI/Top500_SEs_63val_eRNA_zscore_3eRNAremoved.csv
613199	2026-03-08 20:53	shared_data/BRCA_192train_63val_64test_SE_eRNA_zscore_3eRNAremoved_csv_for_AI/Top500_SEs_64test_eRNA_zscore_3eRNAremoved.csv
1387189	2026-03-08 20:54	shared_data/BRCA_192train_63val_64test_SE_eRNA_zscore_3eRNAremoved_csv_for_AI/Top2000_SEs_192train_Heatmap.png
329349	2026-03-08 20:54	shared_data/BRCA_192train_63val_64test_SE_eRNA_zscore_3eRNAremoved_csv_for_AI/Top2000_SEs_192train_PCA.png
373765	2026-03-08 20:54	shared_data/BRCA_192train_63val_64test_SE_eRNA_zscore_3eRNAremoved_csv_for_AI/Top2000_SEs_192train_UMAP.png
7128615	2026-03-08 20:54	shared_data/BRCA_192train_63val_64test_SE_eRNA_zscore_3eRNAremoved_csv_for_AI/Top2000_SEs_192train_eRNA_zscore_3eRNAremoved.csv
1493340	2026-03-08 20:54	shared_data/BRCA_192train_63val_64test_SE_eRNA_zscore_3eRNAremoved_csv_for_AI/Top2500_SEs_192train_Heatmap.png
328662	2026-03-08 20:54	shared_data/BRCA_192train_63val_64test_SE_eRNA_zscore_3eRNAremoved_csv_for_AI/Top2500_SEs_192train_PCA.png
374228	2026-03-08 20:54	shared_data/BRCA_192train_63val_64test_SE_eRNA_zscore_3eRNAremoved_csv_for_AI/Top2500_SEs_192train_UMAP.png
8914412	2026-03-08 20:54	shared_data/BRCA_192train_63val_64test_SE_eRNA_zscore_3eRNAremoved_csv_for_AI/Top2500_SEs_192train_eRNA_zscore_3eRNAremoved.csv
3023864	2026-03-08 20:54	shared_data/BRCA_192train_63val_64test_SE_eRNA_zscore_3eRNAremoved_csv_for_AI/Top2500_SEs_63val_eRNA_zscore_3eRNAremoved.csv
3070156	2026-03-08 20:54	shared_data/BRCA_192train_63val_64test_SE_eRNA_zscore_3eRNAremoved_csv_for_AI/Top2500_SEs_64test_eRNA_zscore_3eRNAremoved.csv
1507325	2026-03-08 20:54	shared_data/BRCA_192train_63val_64test_SE_eRNA_zscore_3eRNAremoved_csv_for_AI/Top3000_SEs_192train_Heatmap.png
335855	2026-03-08 20:54	shared_data/BRCA_192train_63val_64test_SE_eRNA_zscore_3eRNAremoved_csv_for_AI/Top3000_SEs_192train_PCA.png
374413	2026-03-08 20:54	shared_data/BRCA_192train_63val_64test_SE_eRNA_zscore_3eRNAremoved_csv_for_AI/Top3000_SEs_192train_UMAP.png
10701698	2026-03-08 20:54	shared_data/BRCA_192train_63val_64test_SE_eRNA_zscore_3eRNAremoved_csv_for_AI/Top3000_SEs_192train_eRNA_zscore_3eRNAremoved.csv
3630143	2026-03-08 20:54	shared_data/BRCA_192train_63val_64test_SE_eRNA_zscore_3eRNAremoved_csv_for_AI/Top3000_SEs_63val_eRNA_zscore_3eRNAremoved.csv
3685291	2026-03-08 20:54	shared_data/BRCA_192train_63val_64test_SE_eRNA_zscore_3eRNAremoved_csv_for_AI/Top3000_SEs_64test_eRNA_zscore_3eRNAremoved.csv
46693814	2026-03-08 20:57	shared_data/LUAD_189train_63val_64test_SE_eRNA_zscore_3eRNAremoved_csv_for_AI/LUAD_63val_avg_eRNA_zscore_per_SE.csv
46693814	2026-03-08 20:57	shared_data/LUAD_189train_63val_64test_SE_eRNA_zscore_3eRNAremoved_csv_for_AI_noleak/LUAD_63val_avg_eRNA_zscore_per_SE.csv
65239593	2026-03-08 20:58	shared_data/LUAD_189train_63val_64test_SE_eRNA_zscore_3eRNAremoved_csv_for_AI/LUAD_189train_avg_eRNA_zscore_per_SE_3eRNAremoved.csv
47430630	2026-03-08 20:58	shared_data/LUAD_189train_63val_64test_SE_eRNA_zscore_3eRNAremoved_csv_for_AI/LUAD_64test_avg_eRNA_zscore_per_SE.csv
231799	2026-03-08 20:58	shared_data/LUAD_189train_63val_64test_SE_eRNA_zscore_3eRNAremoved_csv_for_AI/Top100_SEs_189train_Heatmap.png
333771	2026-03-08 20:58	shared_data/LUAD_189train_63val_64test_SE_eRNA_zscore_3eRNAremoved_csv_for_AI/Top100_SEs_189train_PCA.png
370905	2026-03-08 20:58	shared_data/LUAD_189train_63val_64test_SE_eRNA_zscore_3eRNAremoved_csv_for_AI/Top100_SEs_189train_UMAP.png
353190	2026-03-08 20:58	shared_data/LUAD_189train_63val_64test_SE_eRNA_zscore_3eRNAremoved_csv_for_AI/Top100_SEs_189train_eRNA_zscore_3eRNAremoved.csv
121555	2026-03-08 20:58	shared_data/LUAD_189train_63val_64test_SE_eRNA_zscore_3eRNAremoved_csv_for_AI/Top100_SEs_63val_eRNA_zscore_3eRNAremoved.csv
123419	2026-03-08 20:58	shared_data/LUAD_189train_63val_64test_SE_eRNA_zscore_3eRNAremoved_csv_for_AI/Top100_SEs_64test_eRNA_zscore_3eRNAremoved.csv
384236	2026-03-08 20:58	shared_data/LUAD_189train_63val_64test_SE_eRNA_zscore_3eRNAremoved_csv_for_AI/Top250_SEs_189train_Heatmap.png
340260	2026-03-08 20:58	shared_data/LUAD_189train_63val_64test_SE_eRNA_zscore_3eRNAremoved_csv_for_AI/Top250_SEs_189train_PCA.png
372668	2026-03-08 20:58	shared_data/LUAD_189train_63val_64test_SE_eRNA_zscore_3eRNAremoved_csv_for_AI/Top250_SEs_189train_UMAP.png
877779	2026-03-08 20:58	shared_data/LUAD_189train_63val_64test_SE_eRNA_zscore_3eRNAremoved_csv_for_AI/Top250_SEs_189train_eRNA_zscore_3eRNAremoved.csv
301990	2026-03-08 20:58	shared_data/LUAD_189train_63val_64test_SE_eRNA_zscore_3eRNAremoved_csv_for_AI/Top250_SEs_63val_eRNA_zscore_3eRNAremoved.csv
306537	2026-03-08 20:58	shared_data/LUAD_189train_63val_64test_SE_eRNA_zscore_3eRNAremoved_csv_for_AI/Top250_SEs_64test_eRNA_zscore_3eRNAremoved.csv
1753061	2026-03-08 20:58	shared_data/LUAD_189train_63val_64test_SE_eRNA_zscore_3eRNAremoved_csv_for_AI/Top500_SEs_189train_eRNA_zscore_3eRNAremoved.csv
603154	2026-03-08 20:58	shared_data/LUAD_189train_63val_64test_SE_eRNA_zscore_3eRNAremoved_csv_for_AI/Top500_SEs_63val_eRNA_zscore_3eRNAremoved.csv
612294	2026-03-08 20:58	shared_data/LUAD_189train_63val_64test_SE_eRNA_zscore_3eRNAremoved_csv_for_AI/Top500_SEs_64test_eRNA_zscore_3eRNAremoved.csv
65239593	2026-03-08 20:58	shared_data/LUAD_189train_63val_64test_SE_eRNA_zscore_3eRNAremoved_csv_for_AI_noleak/LUAD_189train_avg_eRNA_zscore_per_SE_3eRNAremoved.csv
231799	2026-03-08 20:58	shared_data/LUAD_189train_63val_64test_SE_eRNA_zscore_3eRNAremoved_csv_for_AI_noleak/Top100_SEs_189train_Heatmap.png
333771	2026-03-08 20:58	shared_data/LUAD_189train_63val_64test_SE_eRNA_zscore_3eRNAremoved_csv_for_AI_noleak/Top100_SEs_189train_PCA.png
370905	2026-03-08 20:58	shared_data/LUAD_189train_63val_64test_SE_eRNA_zscore_3eRNAremoved_csv_for_AI_noleak/Top100_SEs_189train_UMAP.png
353190	2026-03-08 20:58	shared_data/LUAD_189train_63val_64test_SE_eRNA_zscore_3eRNAremoved_csv_for_AI_noleak/Top100_SEs_189train_eRNA_zscore_3eRNAremoved.csv
121555	2026-03-08 20:58	shared_data/LUAD_189train_63val_64test_SE_eRNA_zscore_3eRNAremoved_csv_for_AI_noleak/Top100_SEs_63val_eRNA_zscore_3eRNAremoved.csv
384236	2026-03-08 20:58	shared_data/LUAD_189train_63val_64test_SE_eRNA_zscore_3eRNAremoved_csv_for_AI_noleak/Top250_SEs_189train_Heatmap.png
340260	2026-03-08 20:58	shared_data/LUAD_189train_63val_64test_SE_eRNA_zscore_3eRNAremoved_csv_for_AI_noleak/Top250_SEs_189train_PCA.png
372668	2026-03-08 20:58	shared_data/LUAD_189train_63val_64test_SE_eRNA_zscore_3eRNAremoved_csv_for_AI_noleak/Top250_SEs_189train_UMAP.png
877779	2026-03-08 20:58	shared_data/LUAD_189train_63val_64test_SE_eRNA_zscore_3eRNAremoved_csv_for_AI_noleak/Top250_SEs_189train_eRNA_zscore_3eRNAremoved.csv
301990	2026-03-08 20:58	shared_data/LUAD_189train_63val_64test_SE_eRNA_zscore_3eRNAremoved_csv_for_AI_noleak/Top250_SEs_63val_eRNA_zscore_3eRNAremoved.csv
1753061	2026-03-08 20:58	shared_data/LUAD_189train_63val_64test_SE_eRNA_zscore_3eRNAremoved_csv_for_AI_noleak/Top500_SEs_189train_eRNA_zscore_3eRNAremoved.csv
603154	2026-03-08 20:58	shared_data/LUAD_189train_63val_64test_SE_eRNA_zscore_3eRNAremoved_csv_for_AI_noleak/Top500_SEs_63val_eRNA_zscore_3eRNAremoved.csv
939581	2026-03-08 20:59	shared_data/LUAD_189train_63val_64test_SE_eRNA_zscore_3eRNAremoved_csv_for_AI/Top1000_SEs_189train_Heatmap.png
342148	2026-03-08 20:59	shared_data/LUAD_189train_63val_64test_SE_eRNA_zscore_3eRNAremoved_csv_for_AI/Top1000_SEs_189train_PCA.png
368162	2026-03-08 20:59	shared_data/LUAD_189train_63val_64test_SE_eRNA_zscore_3eRNAremoved_csv_for_AI/Top1000_SEs_189train_UMAP.png
3505857	2026-03-08 20:59	shared_data/LUAD_189train_63val_64test_SE_eRNA_zscore_3eRNAremoved_csv_for_AI/Top1000_SEs_189train_eRNA_zscore_3eRNAremoved.csv
1206052	2026-03-08 20:59	shared_data/LUAD_189train_63val_64test_SE_eRNA_zscore_3eRNAremoved_csv_for_AI/Top1000_SEs_63val_eRNA_zscore_3eRNAremoved.csv
1224273	2026-03-08 20:59	shared_data/LUAD_189train_63val_64test_SE_eRNA_zscore_3eRNAremoved_csv_for_AI/Top1000_SEs_64test_eRNA_zscore_3eRNAremoved.csv
1175975	2026-03-08 20:59	shared_data/LUAD_189train_63val_64test_SE_eRNA_zscore_3eRNAremoved_csv_for_AI/Top1500_SEs_189train_Heatmap.png
345799	2026-03-08 20:59	shared_data/LUAD_189train_63val_64test_SE_eRNA_zscore_3eRNAremoved_csv_for_AI/Top1500_SEs_189train_PCA.png
371341	2026-03-08 20:59	shared_data/LUAD_189train_63val_64test_SE_eRNA_zscore_3eRNAremoved_csv_for_AI/Top1500_SEs_189train_UMAP.png
5261424	2026-03-08 20:59	shared_data/LUAD_189train_63val_64test_SE_eRNA_zscore_3eRNAremoved_csv_for_AI/Top1500_SEs_189train_eRNA_zscore_3eRNAremoved.csv
1809162	2026-03-08 20:59	shared_data/LUAD_189train_63val_64test_SE_eRNA_zscore_3eRNAremoved_csv_for_AI/Top1500_SEs_63val_eRNA_zscore_3eRNAremoved.csv
1836717	2026-03-08 20:59	shared_data/LUAD_189train_63val_64test_SE_eRNA_zscore_3eRNAremoved_csv_for_AI/Top1500_SEs_64test_eRNA_zscore_3eRNAremoved.csv
1373616	2026-03-08 20:59	shared_data/LUAD_189train_63val_64test_SE_eRNA_zscore_3eRNAremoved_csv_for_AI/Top2000_SEs_189train_Heatmap.png
346753	2026-03-08 20:59	shared_data/LUAD_189train_63val_64test_SE_eRNA_zscore_3eRNAremoved_csv_for_AI/Top2000_SEs_189train_PCA.png
373989	2026-03-08 20:59	shared_data/LUAD_189train_63val_64test_SE_eRNA_zscore_3eRNAremoved_csv_for_AI/Top2000_SEs_189train_UMAP.png
7018283	2026-03-08 20:59	shared_data/LUAD_189train_63val_64test_SE_eRNA_zscore_3eRNAremoved_csv_for_AI/Top2000_SEs_189train_eRNA_zscore_3eRNAremoved.csv
2412967	2026-03-08 20:59	shared_data/LUAD_189train_63val_64test_SE_eRNA_zscore_3eRNAremoved_csv_for_AI/Top2000_SEs_63val_eRNA_zscore_3eRNAremoved.csv
2450093	2026-03-08 20:59	shared_data/LUAD_189train_63val_64test_SE_eRNA_zscore_3eRNAremoved_csv_for_AI/Top2000_SEs_64test_eRNA_zscore_3eRNAremoved.csv
1477997	2026-03-08 20:59	shared_data/LUAD_189train_63val_64test_SE_eRNA_zscore_3eRNAremoved_csv_for_AI/Top2500_SEs_189train_Heatmap.png
351251	2026-03-08 20:59	shared_data/LUAD_189train_63val_64test_SE_eRNA_zscore_3eRNAremoved_csv_for_AI/Top2500_SEs_189train_PCA.png
374482	2026-03-08 20:59	shared_data/LUAD_189train_63val_64test_SE_eRNA_zscore_3eRNAremoved_csv_for_AI/Top2500_SEs_189train_UMAP.png
8776032	2026-03-08 20:59	shared_data/LUAD_189train_63val_64test_SE_eRNA_zscore_3eRNAremoved_csv_for_AI/Top2500_SEs_189train_eRNA_zscore_3eRNAremoved.csv
3017340	2026-03-08 20:59	shared_data/LUAD_189train_63val_64test_SE_eRNA_zscore_3eRNAremoved_csv_for_AI/Top2500_SEs_63val_eRNA_zscore_3eRNAremoved.csv
3063486	2026-03-08 20:59	shared_data/LUAD_189train_63val_64test_SE_eRNA_zscore_3eRNAremoved_csv_for_AI/Top2500_SEs_64test_eRNA_zscore_3eRNAremoved.csv
3622149	2026-03-08 20:59	shared_data/LUAD_189train_63val_64test_SE_eRNA_zscore_3eRNAremoved_csv_for_AI/Top3000_SEs_63val_eRNA_zscore_3eRNAremoved.csv
3677560	2026-03-08 20:59	shared_data/LUAD_189train_63val_64test_SE_eRNA_zscore_3eRNAremoved_csv_for_AI/Top3000_SEs_64test_eRNA_zscore_3eRNAremoved.csv
589792	2026-03-08 20:59	shared_data/LUAD_189train_63val_64test_SE_eRNA_zscore_3eRNAremoved_csv_for_AI/Top500_SEs_189train_Heatmap.png
337090	2026-03-08 20:59	shared_data/LUAD_189train_63val_64test_SE_eRNA_zscore_3eRNAremoved_csv_for_AI/Top500_SEs_189train_PCA.png
366684	2026-03-08 20:59	shared_data/LUAD_189train_63val_64test_SE_eRNA_zscore_3eRNAremoved_csv_for_AI/Top500_SEs_189train_UMAP.png
939581	2026-03-08 20:59	shared_data/LUAD_189train_63val_64test_SE_eRNA_zscore_3eRNAremoved_csv_for_AI_noleak/Top1000_SEs_189train_Heatmap.png
342148	2026-03-08 20:59	shared_data/LUAD_189train_63val_64test_SE_eRNA_zscore_3eRNAremoved_csv_for_AI_noleak/Top1000_SEs_189train_PCA.png
368162	2026-03-08 20:59	shared_data/LUAD_189train_63val_64test_SE_eRNA_zscore_3eRNAremoved_csv_for_AI_noleak/Top1000_SEs_189train_UMAP.png
3505857	2026-03-08 20:59	shared_data/LUAD_189train_63val_64test_SE_eRNA_zscore_3eRNAremoved_csv_for_AI_noleak/Top1000_SEs_189train_eRNA_zscore_3eRNAremoved.csv
1206052	2026-03-08 20:59	shared_data/LUAD_189train_63val_64test_SE_eRNA_zscore_3eRNAremoved_csv_for_AI_noleak/Top1000_SEs_63val_eRNA_zscore_3eRNAremoved.csv
1175975	2026-03-08 20:59	shared_data/LUAD_189train_63val_64test_SE_eRNA_zscore_3eRNAremoved_csv_for_AI_noleak/Top1500_SEs_189train_Heatmap.png
345799	2026-03-08 20:59	shared_data/LUAD_189train_63val_64test_SE_eRNA_zscore_3eRNAremoved_csv_for_AI_noleak/Top1500_SEs_189train_PCA.png
371341	2026-03-08 20:59	shared_data/LUAD_189train_63val_64test_SE_eRNA_zscore_3eRNAremoved_csv_for_AI_noleak/Top1500_SEs_189train_UMAP.png
5261424	2026-03-08 20:59	shared_data/LUAD_189train_63val_64test_SE_eRNA_zscore_3eRNAremoved_csv_for_AI_noleak/Top1500_SEs_189train_eRNA_zscore_3eRNAremoved.csv
1809162	2026-03-08 20:59	shared_data/LUAD_189train_63val_64test_SE_eRNA_zscore_3eRNAremoved_csv_for_AI_noleak/Top1500_SEs_63val_eRNA_zscore_3eRNAremoved.csv
1373616	2026-03-08 20:59	shared_data/LUAD_189train_63val_64test_SE_eRNA_zscore_3eRNAremoved_csv_for_AI_noleak/Top2000_SEs_189train_Heatmap.png
346753	2026-03-08 20:59	shared_data/LUAD_189train_63val_64test_SE_eRNA_zscore_3eRNAremoved_csv_for_AI_noleak/Top2000_SEs_189train_PCA.png
373989	2026-03-08 20:59	shared_data/LUAD_189train_63val_64test_SE_eRNA_zscore_3eRNAremoved_csv_for_AI_noleak/Top2000_SEs_189train_UMAP.png
7018283	2026-03-08 20:59	shared_data/LUAD_189train_63val_64test_SE_eRNA_zscore_3eRNAremoved_csv_for_AI_noleak/Top2000_SEs_189train_eRNA_zscore_3eRNAremoved.csv
2412967	2026-03-08 20:59	shared_data/LUAD_189train_63val_64test_SE_eRNA_zscore_3eRNAremoved_csv_for_AI_noleak/Top2000_SEs_63val_eRNA_zscore_3eRNAremoved.csv
1477997	2026-03-08 20:59	shared_data/LUAD_189train_63val_64test_SE_eRNA_zscore_3eRNAremoved_csv_for_AI_noleak/Top2500_SEs_189train_Heatmap.png
351251	2026-03-08 20:59	shared_data/LUAD_189train_63val_64test_SE_eRNA_zscore_3eRNAremoved_csv_for_AI_noleak/Top2500_SEs_189train_PCA.png
374482	2026-03-08 20:59	shared_data/LUAD_189train_63val_64test_SE_eRNA_zscore_3eRNAremoved_csv_for_AI_noleak/Top2500_SEs_189train_UMAP.png
8776032	2026-03-08 20:59	shared_data/LUAD_189train_63val_64test_SE_eRNA_zscore_3eRNAremoved_csv_for_AI_noleak/Top2500_SEs_189train_eRNA_zscore_3eRNAremoved.csv
3017340	2026-03-08 20:59	shared_data/LUAD_189train_63val_64test_SE_eRNA_zscore_3eRNAremoved_csv_for_AI_noleak/Top2500_SEs_63val_eRNA_zscore_3eRNAremoved.csv
3622149	2026-03-08 20:59	shared_data/LUAD_189train_63val_64test_SE_eRNA_zscore_3eRNAremoved_csv_for_AI_noleak/Top3000_SEs_63val_eRNA_zscore_3eRNAremoved.csv
589792	2026-03-08 20:59	shared_data/LUAD_189train_63val_64test_SE_eRNA_zscore_3eRNAremoved_csv_for_AI_noleak/Top500_SEs_189train_Heatmap.png
337090	2026-03-08 20:59	shared_data/LUAD_189train_63val_64test_SE_eRNA_zscore_3eRNAremoved_csv_for_AI_noleak/Top500_SEs_189train_PCA.png
366684	2026-03-08 20:59	shared_data/LUAD_189train_63val_64test_SE_eRNA_zscore_3eRNAremoved_csv_for_AI_noleak/Top500_SEs_189train_UMAP.png
1464915	2026-03-08 21:00	shared_data/LUAD_189train_63val_64test_SE_eRNA_zscore_3eRNAremoved_csv_for_AI/Top3000_SEs_189train_Heatmap.png
352469	2026-03-08 21:00	shared_data/LUAD_189train_63val_64test_SE_eRNA_zscore_3eRNAremoved_csv_for_AI/Top3000_SEs_189train_PCA.png
375175	2026-03-08 21:00	shared_data/LUAD_189train_63val_64test_SE_eRNA_zscore_3eRNAremoved_csv_for_AI/Top3000_SEs_189train_UMAP.png
10535434	2026-03-08 21:00	shared_data/LUAD_189train_63val_64test_SE_eRNA_zscore_3eRNAremoved_csv_for_AI/Top3000_SEs_189train_eRNA_zscore_3eRNAremoved.csv
1464915	2026-03-08 21:00	shared_data/LUAD_189train_63val_64test_SE_eRNA_zscore_3eRNAremoved_csv_for_AI_noleak/Top3000_SEs_189train_Heatmap.png
352469	2026-03-08 21:00	shared_data/LUAD_189train_63val_64test_SE_eRNA_zscore_3eRNAremoved_csv_for_AI_noleak/Top3000_SEs_189train_PCA.png
375175	2026-03-08 21:00	shared_data/LUAD_189train_63val_64test_SE_eRNA_zscore_3eRNAremoved_csv_for_AI_noleak/Top3000_SEs_189train_UMAP.png
10535434	2026-03-08 21:00	shared_data/LUAD_189train_63val_64test_SE_eRNA_zscore_3eRNAremoved_csv_for_AI_noleak/Top3000_SEs_189train_eRNA_zscore_3eRNAremoved.csv
58757119	2026-03-25 21:21	shared_data/BRCA_LUAD_SKCM_SEs_filtered_by_union_SEs_merged_for_AI/BRCA_LUAD_SKCM_merged_SE_3eRNAremoved_filtered_by_union_SE_top1000.csv
30662042	2026-03-25 21:21	shared_data/BRCA_LUAD_SKCM_SEs_filtered_by_union_SEs_merged_for_AI/BRCA_LUAD_SKCM_merged_SE_3eRNAremoved_filtered_by_union_SE_top500.csv
108362361	2026-03-25 21:22	shared_data/BRCA_LUAD_SKCM_SEs_filtered_by_union_SEs_merged_for_AI/BRCA_LUAD_SKCM_merged_SE_3eRNAremoved_filtered_by_union_SE_top2000.csv
154046455	2026-03-25 21:23	shared_data/BRCA_LUAD_SKCM_SEs_filtered_by_union_SEs_merged_for_AI/BRCA_LUAD_SKCM_merged_SE_3eRNAremoved_filtered_by_union_SE_top3000.csv
616654	2026-04-09 21:24	shared_data/panTCGA_average_eRNA_zscore_per_SE_clustering/Heatmap_Top1000_Matrix_Clustered.csv
62305	2026-04-09 21:24	shared_data/panTCGA_average_eRNA_zscore_per_SE_clustering/Heatmap_Top100_Matrix_Clustered.csv
923923	2026-04-09 21:24	shared_data/panTCGA_average_eRNA_zscore_per_SE_clustering/Heatmap_Top1500_Matrix_Clustered.csv
1231176	2026-04-09 21:24	shared_data/panTCGA_average_eRNA_zscore_per_SE_clustering/Heatmap_Top2000_Matrix_Clustered.csv
1538207	2026-04-09 21:24	shared_data/panTCGA_average_eRNA_zscore_per_SE_clustering/Heatmap_Top2500_Matrix_Clustered.csv
154959	2026-04-09 21:24	shared_data/panTCGA_average_eRNA_zscore_per_SE_clustering/Heatmap_Top250_Matrix_Clustered.csv
1844870	2026-04-09 21:24	shared_data/panTCGA_average_eRNA_zscore_per_SE_clustering/Heatmap_Top3000_Matrix_Clustered.csv
309006	2026-04-09 21:24	shared_data/panTCGA_average_eRNA_zscore_per_SE_clustering/Heatmap_Top500_Matrix_Clustered.csv
62546746	2026-02-26 21:27	shared_data/OLD_SKCM_189tumors_SE_eRNA_zscore_3eRNAremoved_csv_for_AI/SKCM_189tumors_avg_eRNA_zscore_per_SE_3eRNAremoved.csv
885669	2026-02-26 21:27	shared_data/OLD_SKCM_189tumors_SE_eRNA_zscore_3eRNAremoved_csv_for_AI/Top1000_SEs_Heatmap.png
340374	2026-02-26 21:27	shared_data/OLD_SKCM_189tumors_SE_eRNA_zscore_3eRNAremoved_csv_for_AI/Top1000_SEs_PCA.png
366537	2026-02-26 21:27	shared_data/OLD_SKCM_189tumors_SE_eRNA_zscore_3eRNAremoved_csv_for_AI/Top1000_SEs_UMAP.png
3508621	2026-02-26 21:27	shared_data/OLD_SKCM_189tumors_SE_eRNA_zscore_3eRNAremoved_csv_for_AI/Top1000_SEs_eRNA_zscore_3eRNAremoved.csv
232560	2026-02-26 21:27	shared_data/OLD_SKCM_189tumors_SE_eRNA_zscore_3eRNAremoved_csv_for_AI/Top100_SEs_Heatmap.png
334825	2026-02-26 21:27	shared_data/OLD_SKCM_189tumors_SE_eRNA_zscore_3eRNAremoved_csv_for_AI/Top100_SEs_PCA.png
369406	2026-02-26 21:27	shared_data/OLD_SKCM_189tumors_SE_eRNA_zscore_3eRNAremoved_csv_for_AI/Top100_SEs_UMAP.png
353165	2026-02-26 21:27	shared_data/OLD_SKCM_189tumors_SE_eRNA_zscore_3eRNAremoved_csv_for_AI/Top100_SEs_eRNA_zscore_3eRNAremoved.csv
1185582	2026-02-26 21:27	shared_data/OLD_SKCM_189tumors_SE_eRNA_zscore_3eRNAremoved_csv_for_AI/Top1500_SEs_Heatmap.png
341459	2026-02-26 21:27	shared_data/OLD_SKCM_189tumors_SE_eRNA_zscore_3eRNAremoved_csv_for_AI/Top1500_SEs_PCA.png
5265518	2026-02-26 21:27	shared_data/OLD_SKCM_189tumors_SE_eRNA_zscore_3eRNAremoved_csv_for_AI/Top1500_SEs_eRNA_zscore_3eRNAremoved.csv
390695	2026-02-26 21:27	shared_data/OLD_SKCM_189tumors_SE_eRNA_zscore_3eRNAremoved_csv_for_AI/Top250_SEs_Heatmap.png
338196	2026-02-26 21:27	shared_data/OLD_SKCM_189tumors_SE_eRNA_zscore_3eRNAremoved_csv_for_AI/Top250_SEs_PCA.png
370944	2026-02-26 21:27	shared_data/OLD_SKCM_189tumors_SE_eRNA_zscore_3eRNAremoved_csv_for_AI/Top250_SEs_UMAP.png
877953	2026-02-26 21:27	shared_data/OLD_SKCM_189tumors_SE_eRNA_zscore_3eRNAremoved_csv_for_AI/Top250_SEs_eRNA_zscore_3eRNAremoved.csv
573876	2026-02-26 21:27	shared_data/OLD_SKCM_189tumors_SE_eRNA_zscore_3eRNAremoved_csv_for_AI/Top500_SEs_Heatmap.png
338958	2026-02-26 21:27	shared_data/OLD_SKCM_189tumors_SE_eRNA_zscore_3eRNAremoved_csv_for_AI/Top500_SEs_PCA.png
368365	2026-02-26 21:27	shared_data/OLD_SKCM_189tumors_SE_eRNA_zscore_3eRNAremoved_csv_for_AI/Top500_SEs_UMAP.png
1753745	2026-02-26 21:27	shared_data/OLD_SKCM_189tumors_SE_eRNA_zscore_3eRNAremoved_csv_for_AI/Top500_SEs_eRNA_zscore_3eRNAremoved.csv
373691	2026-02-26 21:28	shared_data/OLD_SKCM_189tumors_SE_eRNA_zscore_3eRNAremoved_csv_for_AI/Top1500_SEs_UMAP.png
1384452	2026-02-26 21:28	shared_data/OLD_SKCM_189tumors_SE_eRNA_zscore_3eRNAremoved_csv_for_AI/Top2000_SEs_Heatmap.png
338005	2026-02-26 21:28	shared_data/OLD_SKCM_189tumors_SE_eRNA_zscore_3eRNAremoved_csv_for_AI/Top2000_SEs_PCA.png
372869	2026-02-26 21:28	shared_data/OLD_SKCM_189tumors_SE_eRNA_zscore_3eRNAremoved_csv_for_AI/Top2000_SEs_UMAP.png
7023794	2026-02-26 21:28	shared_data/OLD_SKCM_189tumors_SE_eRNA_zscore_3eRNAremoved_csv_for_AI/Top2000_SEs_eRNA_zscore_3eRNAremoved.csv
49752	2026-04-09 21:48	shared_data/panTCGA_average_eRNA_zscore_per_SE_clustering/SE_signature_ACC.csv
29295	2026-04-09 21:48	shared_data/panTCGA_average_eRNA_zscore_per_SE_clustering/SE_signature_BLCA.csv
49546	2026-04-09 21:48	shared_data/panTCGA_average_eRNA_zscore_per_SE_clustering/SE_signature_BRCA.csv
21758	2026-04-09 21:48	shared_data/panTCGA_average_eRNA_zscore_per_SE_clustering/SE_signature_CESC.csv
107636	2026-04-09 21:48	shared_data/panTCGA_average_eRNA_zscore_per_SE_clustering/SE_signature_CHOL.csv
68434	2026-04-09 21:48	shared_data/panTCGA_average_eRNA_zscore_per_SE_clustering/SE_signature_COADREAD.csv
74554	2026-04-09 21:48	shared_data/panTCGA_average_eRNA_zscore_per_SE_clustering/SE_signature_DLBC.csv
263825	2026-04-09 21:48	shared_data/panTCGA_average_eRNA_zscore_per_SE_clustering/SE_signature_ESCA.csv
59456	2026-04-09 21:48	shared_data/panTCGA_average_eRNA_zscore_per_SE_clustering/SE_signature_GBM.csv
28582	2026-04-09 21:48	shared_data/panTCGA_average_eRNA_zscore_per_SE_clustering/SE_signature_HNSC.csv
89825	2026-04-09 21:48	shared_data/panTCGA_average_eRNA_zscore_per_SE_clustering/SE_signature_KICH.csv
103539	2026-04-09 21:48	shared_data/panTCGA_average_eRNA_zscore_per_SE_clustering/SE_signature_KIRC.csv
55966	2026-04-09 21:48	shared_data/panTCGA_average_eRNA_zscore_per_SE_clustering/SE_signature_KIRP.csv
424619	2026-04-09 21:48	shared_data/panTCGA_average_eRNA_zscore_per_SE_clustering/SE_signature_LAML.csv
174645	2026-04-09 21:48	shared_data/panTCGA_average_eRNA_zscore_per_SE_clustering/SE_signature_LGG.csv
43807	2026-04-09 21:48	shared_data/panTCGA_average_eRNA_zscore_per_SE_clustering/SE_signature_LIHC.csv
37586	2026-04-09 21:48	shared_data/panTCGA_average_eRNA_zscore_per_SE_clustering/SE_signature_LUAD.csv
26094	2026-04-09 21:48	shared_data/panTCGA_average_eRNA_zscore_per_SE_clustering/SE_signature_LUSC.csv
58975	2026-04-09 21:48	shared_data/panTCGA_average_eRNA_zscore_per_SE_clustering/SE_signature_MESO.csv
35982	2026-04-09 21:48	shared_data/panTCGA_average_eRNA_zscore_per_SE_clustering/SE_signature_OV.csv
60679	2026-04-09 21:48	shared_data/panTCGA_average_eRNA_zscore_per_SE_clustering/SE_signature_PAAD.csv
77598	2026-04-09 21:48	shared_data/panTCGA_average_eRNA_zscore_per_SE_clustering/SE_signature_PCPG.csv
73892	2026-04-09 21:48	shared_data/panTCGA_average_eRNA_zscore_per_SE_clustering/SE_signature_PRAD.csv
42528	2026-04-09 21:48	shared_data/panTCGA_average_eRNA_zscore_per_SE_clustering/SE_signature_SARC.csv
50201	2026-04-09 21:48	shared_data/panTCGA_average_eRNA_zscore_per_SE_clustering/SE_signature_SKCM.csv
157856	2026-04-09 21:48	shared_data/panTCGA_average_eRNA_zscore_per_SE_clustering/SE_signature_STAD.csv
28380	2026-04-09 21:48	shared_data/panTCGA_average_eRNA_zscore_per_SE_clustering/SE_signature_TGCT.csv
68893	2026-04-09 21:48	shared_data/panTCGA_average_eRNA_zscore_per_SE_clustering/SE_signature_THCA.csv
88502	2026-04-09 21:48	shared_data/panTCGA_average_eRNA_zscore_per_SE_clustering/SE_signature_THYM.csv
18016	2026-04-09 21:48	shared_data/panTCGA_average_eRNA_zscore_per_SE_clustering/SE_signature_UCEC.csv
55011	2026-04-09 21:48	shared_data/panTCGA_average_eRNA_zscore_per_SE_clustering/SE_signature_UCS.csv
48717	2026-04-09 21:48	shared_data/panTCGA_average_eRNA_zscore_per_SE_clustering/SE_signature_UVM.csv
384	2026-04-09 21:48	shared_data/panTCGA_average_eRNA_zscore_per_SE_clustering/SE_signature_sizes.csv
3227422458	2026-04-09 21:48	shared_data/panTCGA_average_eRNA_zscore_per_SE_clustering/panTCGA_avg_eRNA_zscore_per_SE_3eRNAremoved.csv
22156891	2026-04-25 22:04	shared_data/BRCA_LUAD_SKCM_SEs_union_eRNA_zscoreNorm_MinMaxNorm/BRCA_63val_avg_eRNA_minmax_per_SE.csv
26080211	2026-04-25 22:05	shared_data/BRCA_LUAD_SKCM_SEs_union_eRNA_zscoreNorm_MinMaxNorm/BRCA_63val_avg_eRNA_zscore_per_SE.csv
22692349	2026-04-25 22:05	shared_data/BRCA_LUAD_SKCM_SEs_union_eRNA_zscoreNorm_MinMaxNorm/BRCA_64test_avg_eRNA_minmax_per_SE.csv
26490821	2026-04-25 22:06	shared_data/BRCA_LUAD_SKCM_SEs_union_eRNA_zscoreNorm_MinMaxNorm/BRCA_64test_avg_eRNA_zscore_per_SE.csv
66168901	2026-04-25 22:07	shared_data/BRCA_LUAD_SKCM_SEs_union_eRNA_zscoreNorm_MinMaxNorm/BRCA_192train_avg_eRNA_minmax_per_SE.csv
77265051	2026-04-25 22:08	shared_data/BRCA_LUAD_SKCM_SEs_union_eRNA_zscoreNorm_MinMaxNorm/BRCA_192train_avg_eRNA_zscore_per_SE.csv
22764599	2026-04-25 22:08	shared_data/BRCA_LUAD_SKCM_SEs_union_eRNA_zscoreNorm_MinMaxNorm/LUAD_63test_avg_eRNA_minmax_per_SE.csv
26038038	2026-04-25 22:09	shared_data/BRCA_LUAD_SKCM_SEs_union_eRNA_zscoreNorm_MinMaxNorm/LUAD_63test_avg_eRNA_zscore_per_SE.csv
22784643	2026-04-25 22:09	shared_data/BRCA_LUAD_SKCM_SEs_union_eRNA_zscoreNorm_MinMaxNorm/LUAD_63val_avg_eRNA_minmax_per_SE.csv
26024783	2026-04-25 22:10	shared_data/BRCA_LUAD_SKCM_SEs_union_eRNA_zscoreNorm_MinMaxNorm/LUAD_63val_avg_eRNA_zscore_per_SE.csv
65537160	2026-04-25 22:11	shared_data/BRCA_LUAD_SKCM_SEs_union_eRNA_zscoreNorm_MinMaxNorm/LUAD_189train_avg_eRNA_minmax_per_SE.csv
76051773	2026-04-25 22:12	shared_data/BRCA_LUAD_SKCM_SEs_union_eRNA_zscoreNorm_MinMaxNorm/LUAD_189train_avg_eRNA_zscore_per_SE.csv
22021810	2026-04-25 22:12	shared_data/BRCA_LUAD_SKCM_SEs_union_eRNA_zscoreNorm_MinMaxNorm/SKCM_64test_avg_eRNA_minmax_per_SE.csv
26476159	2026-04-25 22:13	shared_data/BRCA_LUAD_SKCM_SEs_union_eRNA_zscoreNorm_MinMaxNorm/SKCM_64test_avg_eRNA_zscore_per_SE.csv
21887163	2026-04-25 22:13	shared_data/BRCA_LUAD_SKCM_SEs_union_eRNA_zscoreNorm_MinMaxNorm/SKCM_64val_avg_eRNA_minmax_per_SE.csv
26496977	2026-04-25 22:14	shared_data/BRCA_LUAD_SKCM_SEs_union_eRNA_zscoreNorm_MinMaxNorm/SKCM_64val_avg_eRNA_zscore_per_SE.csv
61750658	2026-04-25 22:15	shared_data/BRCA_LUAD_SKCM_SEs_union_eRNA_zscoreNorm_MinMaxNorm/SKCM_189train_avg_eRNA_minmax_per_SE.csv
76137667	2026-04-25 22:16	shared_data/BRCA_LUAD_SKCM_SEs_union_eRNA_zscoreNorm_MinMaxNorm/SKCM_189train_avg_eRNA_zscore_per_SE.csv
